variant,fold_id,subject_id,method,n_windows,accuracy,macro_f1,active_macro_f1,nll,override_free_pred_rate
full_assist,0,S010,standardized_logreg_smoothed,4200,0.7230952380952381,0.6358943534187889,0.6011512289788282,0.714949137739869,0.27690476190476193
full_assist,0,S011,standardized_logreg_smoothed,4200,0.6657142857142857,0.6152347276122456,0.6385298429309031,0.84276842113171,0.3342857142857143
full_assist,0,S014,standardized_logreg_smoothed,4200,0.7228571428571429,0.6063893231371235,0.5473838301108329,0.7611494467611519,0.27714285714285714
full_assist,0,S017,standardized_logreg_smoothed,4200,0.7414285714285714,0.6830586377218002,0.6561494485861356,0.7364778553906944,0.25857142857142856
full_assist,0,S018,standardized_logreg_smoothed,4200,0.7642857142857142,0.688597820545679,0.6263483050864004,0.6900746858408983,0.2357142857142857
full_assist,0,S101,standardized_logreg_smoothed,4200,0.7664285714285715,0.6955453175480794,0.6407002637239825,0.6925395745781199,0.23357142857142857
full_assist,0,S102,standardized_logreg_smoothed,4200,0.7202380952380952,0.6166683317313065,0.562726866408294,0.7680482488258725,0.27976190476190477
full_assist,0,S104,standardized_logreg_smoothed,4200,0.7480952380952381,0.6569981697835606,0.6024269648961332,0.689408416902006,0.2519047619047619
full_assist,0,S106,standardized_logreg_smoothed,4200,0.7228571428571429,0.6171578457357,0.5809620950942097,0.7528493672205251,0.27714285714285714
user_emg_only,0,S010,standardized_logreg_smoothed,4200,0.503095238095238,0.08249459389571077,0.021915490137864882,1.712247807740296,0.4969047619047619
user_emg_only,0,S011,standardized_logreg_smoothed,4200,0.5161904761904762,0.12562797337776843,0.06573672778983038,1.7690054207022334,0.4838095238095238
user_emg_only,0,S014,standardized_logreg_smoothed,4200,0.5016666666666667,0.0683226336295576,0.007578033228433676,1.7161489434863948,0.49833333333333335
user_emg_only,0,S017,standardized_logreg_smoothed,4200,0.49666666666666665,0.06432152876112446,0.003978975110240799,1.7452501725538287,0.5033333333333333
user_emg_only,0,S018,standardized_logreg_smoothed,4200,0.5002380952380953,0.06414119698141613,0.0033709184871975567,1.6823507927881942,0.49976190476190474
user_emg_only,0,S101,standardized_logreg_smoothed,4200,0.4992857142857143,0.061415031095219376,0.0008456659619450317,1.7063904682500841,0.5007142857142857
user_emg_only,0,S102,standardized_logreg_smoothed,4200,0.49333333333333335,0.08030463794586806,0.018557993730407524,1.8314114359674087,0.5066666666666667
user_emg_only,0,S104,standardized_logreg_smoothed,4200,0.5,0.0606060606060606,0.0,1.7573874182606048,0.5
user_emg_only,0,S106,standardized_logreg_smoothed,4200,0.5102380952380953,0.08573771629057106,0.02351101424648763,1.6984447768362778,0.4897619047619048
assist_prefix_only,0,S010,standardized_logreg_smoothed,4200,0.5054761904761905,0.09382119348804686,0.032854670351032886,1.669511921371139,0.49452380952380953
assist_prefix_only,0,S011,standardized_logreg_smoothed,4200,0.5092857142857142,0.11304407377274361,0.05388283450359297,1.7593084273453619,0.4907142857142857
assist_prefix_only,0,S014,standardized_logreg_smoothed,4200,0.5007142857142857,0.0631911967449585,0.002536997885835095,1.7043407980545409,0.4992857142857143
assist_prefix_only,0,S017,standardized_logreg_smoothed,4200,0.4957142857142857,0.06455075502368962,0.004252698849330072,1.7202894059282603,0.5042857142857143
assist_prefix_only,0,S018,standardized_logreg_smoothed,4200,0.5009523809523809,0.07078744408615545,0.010098402776257587,1.673919881455441,0.4990476190476191
assist_prefix_only,0,S101,standardized_logreg_smoothed,4200,0.49976190476190474,0.06058681753236444,0.0,1.7305366749457336,0.5002380952380953
assist_prefix_only,0,S102,standardized_logreg_smoothed,4200,0.4897619047619048,0.07611155384971524,0.01813863096523429,1.8342096694867644,0.5102380952380953
assist_prefix_only,0,S104,standardized_logreg_smoothed,4200,0.5,0.06061568214290869,0.0,1.7581318193082582,0.5
assist_prefix_only,0,S106,standardized_logreg_smoothed,4200,0.5095238095238095,0.09106121463916733,0.02906331822273087,1.6700796115890828,0.49047619047619045
assist_tail_only,0,S010,standardized_logreg_smoothed,4200,0.6628571428571428,0.55867425255047,0.5374394499207568,0.7892450916366107,0.33714285714285713
assist_tail_only,0,S011,standardized_logreg_smoothed,4200,0.6285714285714286,0.5137840812870808,0.497929286055993,0.8691451178735603,0.37142857142857144
assist_tail_only,0,S014,standardized_logreg_smoothed,4200,0.6845238095238095,0.5617289075387816,0.5123334840340501,0.8049178347228759,0.31547619047619047
assist_tail_only,0,S017,standardized_logreg_smoothed,4200,0.699047619047619,0.6084655542656526,0.5774805174072006,0.787682008446597,0.30095238095238097
assist_tail_only,0,S018,standardized_logreg_smoothed,4200,0.7202380952380952,0.6268929295009138,0.5742116768633522,0.7441099419697481,0.27976190476190477
assist_tail_only,0,S101,standardized_logreg_smoothed,4200,0.7385714285714285,0.651106905782186,0.5977843580230906,0.7320616304614662,0.26142857142857145
assist_tail_only,0,S102,standardized_logreg_smoothed,4200,0.6997619047619048,0.6124620193936031,0.5863572724114392,0.7958082957760049,0.30023809523809525
assist_tail_only,0,S104,standardized_logreg_smoothed,4200,0.7219047619047619,0.6283318282978149,0.5841660478891149,0.7266417893325583,0.2780952380952381
assist_tail_only,0,S106,standardized_logreg_smoothed,4200,0.7071428571428572,0.594590849339703,0.5592088905775585,0.7961373239430276,0.29285714285714287
metadata_object_context,0,S010,standardized_logreg_smoothed,4200,0.5,0.06145813508566147,0.0008616975441619992,0.9749062670502426,0.5
metadata_object_context,0,S011,standardized_logreg_smoothed,4200,0.5,0.0606060606060606,0.0,0.9749447050409284,0.5
metadata_object_context,0,S014,standardized_logreg_smoothed,4200,0.5,0.06145813508566147,0.0008616975441619992,0.9743968572851829,0.5
metadata_object_context,0,S017,standardized_logreg_smoothed,4200,0.5,0.0606060606060606,0.0,0.9759824316422583,0.5
metadata_object_context,0,S018,standardized_logreg_smoothed,4200,0.5,0.0606060606060606,0.0,0.9754273319552562,0.5
metadata_object_context,0,S101,standardized_logreg_smoothed,4200,0.5,0.0606060606060606,0.0,0.9746423290167775,0.5
metadata_object_context,0,S102,standardized_logreg_smoothed,4200,0.5,0.0606060606060606,0.0,0.973081715532857,0.5
metadata_object_context,0,S104,standardized_logreg_smoothed,4200,0.5,0.0606060606060606,0.0,0.9756327823236749,0.5
metadata_object_context,0,S106,standardized_logreg_smoothed,4200,0.5,0.0606060606060606,0.0,0.9788049140394178,0.5
full_assist_shuffled_tail,0,S010,standardized_logreg_smoothed,4200,0.5066666666666667,0.09513024032724425,0.03392455226996356,1.670868801385221,0.49333333333333335
full_assist_shuffled_tail,0,S011,standardized_logreg_smoothed,4200,0.5090476190476191,0.11316575979044986,0.05397963760891098,1.7607494037178288,0.490952380952381
full_assist_shuffled_tail,0,S014,standardized_logreg_smoothed,4200,0.5011904761904762,0.06487247756242691,0.0041893590280687055,1.7040806927818775,0.4988095238095238
full_assist_shuffled_tail,0,S017,standardized_logreg_smoothed,4200,0.495,0.06360701899226164,0.0033533056695729414,1.7197876852585112,0.505
full_assist_shuffled_tail,0,S018,standardized_logreg_smoothed,4200,0.5004761904761905,0.06911357102848716,0.00841867135208924,1.673944002443995,0.49952380952380954
full_assist_shuffled_tail,0,S101,standardized_logreg_smoothed,4200,0.5,0.06061568214290869,0.0,1.7321024908986975,0.5
full_assist_shuffled_tail,0,S102,standardized_logreg_smoothed,4200,0.4897619047619048,0.07642028008767715,0.0185705031310732,1.8337040714316748,0.5102380952380953
full_assist_shuffled_tail,0,S104,standardized_logreg_smoothed,4200,0.5,0.06061568214290869,0.0,1.7593976580755821,0.5
full_assist_shuffled_tail,0,S106,standardized_logreg_smoothed,4200,0.5111904761904762,0.09623372510838991,0.0342202605814536,1.670854237893039,0.4888095238095238
assist_tail_shuffled_only,0,S010,standardized_logreg_smoothed,4200,0.5,0.0606060606060606,0.0,1.8454228360999632,0.5
assist_tail_shuffled_only,0,S011,standardized_logreg_smoothed,4200,0.5,0.0606060606060606,0.0,1.8451635648940425,0.5
assist_tail_shuffled_only,0,S014,standardized_logreg_smoothed,4200,0.5,0.0606060606060606,0.0,1.8455621432788527,0.5
assist_tail_shuffled_only,0,S017,standardized_logreg_smoothed,4200,0.5,0.0606060606060606,0.0,1.8444304877089521,0.5
assist_tail_shuffled_only,0,S018,standardized_logreg_smoothed,4200,0.5,0.0606060606060606,0.0,1.8450089783689456,0.5
assist_tail_shuffled_only,0,S101,standardized_logreg_smoothed,4200,0.5,0.0606060606060606,0.0,1.8452798192058422,0.5
assist_tail_shuffled_only,0,S102,standardized_logreg_smoothed,4200,0.5,0.0606060606060606,0.0,1.8451182225785656,0.5
assist_tail_shuffled_only,0,S104,standardized_logreg_smoothed,4200,0.5,0.0606060606060606,0.0,1.8464474865425555,0.5
assist_tail_shuffled_only,0,S106,standardized_logreg_smoothed,4200,0.5,0.0606060606060606,0.0,1.8451591059320367,0.5
full_assist,1,S012,standardized_logreg_smoothed,4200,0.758095238095238,0.6922718450816995,0.6510770974818217,0.717748187488984,0.2419047619047619
full_assist,1,S013,standardized_logreg_smoothed,4200,0.7242857142857143,0.6366005902375748,0.5887894557389312,0.7587983210400306,0.2757142857142857
full_assist,1,S015,standardized_logreg_smoothed,4200,0.6952380952380952,0.5912190174740634,0.5468670205874703,0.8185162207482847,0.3047619047619048
full_assist,1,S022,standardized_logreg_smoothed,4200,0.7335714285714285,0.6546820513684972,0.6147375478995172,0.7313707502344202,0.2664285714285714
full_assist,1,S034,standardized_logreg_smoothed,4200,0.7311904761904762,0.6360100314084062,0.5918219897248943,0.7579520592386887,0.26880952380952383
full_assist,1,S036,standardized_logreg_smoothed,4200,0.7671428571428571,0.717436822824784,0.6843275781860679,0.7056167017004272,0.23285714285714285
full_assist,1,S039,standardized_logreg_smoothed,4200,0.5854761904761905,0.5332381643821757,0.5739978550256694,1.0227660298887538,0.4145238095238095
full_assist,1,S107,standardized_logreg_smoothed,4200,0.6228571428571429,0.5167981713538604,0.5099110514958144,0.9139033826022853,0.37714285714285717
full_assist,1,S111,standardized_logreg_smoothed,4200,0.6795238095238095,0.5289796212150452,0.47355501347114437,0.8222404448449792,0.32047619047619047
user_emg_only,1,S012,standardized_logreg_smoothed,4200,0.5095238095238095,0.10639005067832243,0.04576396723143026,1.646493151054553,0.49047619047619045
user_emg_only,1,S013,standardized_logreg_smoothed,4200,0.49976190476190474,0.06064458344769801,0.0,1.7151066379851718,0.5002380952380953
user_emg_only,1,S015,standardized_logreg_smoothed,4200,0.4928571428571429,0.08176669603340815,0.02152220730795856,1.7463128525501508,0.5071428571428571
user_emg_only,1,S022,standardized_logreg_smoothed,4200,0.4992857142857143,0.0656497192390121,0.004956242294382949,1.7342272248786201,0.5007142857142857
user_emg_only,1,S034,standardized_logreg_smoothed,4200,0.5004761904761905,0.06958345373896592,0.008872963688079494,1.710576492576622,0.49952380952380954
user_emg_only,1,S036,standardized_logreg_smoothed,4200,0.518095238095238,0.11630639932177575,0.05307969423913284,1.6447597405382224,0.4819047619047619
user_emg_only,1,S039,standardized_logreg_smoothed,4200,0.40190476190476193,0.08438455810472317,0.037512957441431856,1.976256470800018,0.5980952380952381
user_emg_only,1,S107,standardized_logreg_smoothed,4200,0.5126190476190476,0.10217453634164038,0.040222031933429,1.7456810257943383,0.48738095238095236
user_emg_only,1,S111,standardized_logreg_smoothed,4200,0.5,0.06230529595015576,0.0017152658662092624,1.894894981877873,0.5
assist_prefix_only,1,S012,standardized_logreg_smoothed,4200,0.5173809523809524,0.1287584540262391,0.06716141493435103,1.6481777879512403,0.4826190476190476
assist_prefix_only,1,S013,standardized_logreg_smoothed,4200,0.49976190476190474,0.06068315529279116,0.0,1.7471390855530162,0.5002380952380953
assist_prefix_only,1,S015,standardized_logreg_smoothed,4200,0.4880952380952381,0.07054847840873686,0.009623095429029671,1.7474519580054295,0.5119047619047619
assist_prefix_only,1,S022,standardized_logreg_smoothed,4200,0.49833333333333335,0.06651275671925796,0.005741415810702499,1.7064518636691706,0.5016666666666667
assist_prefix_only,1,S034,standardized_logreg_smoothed,4200,0.5007142857142857,0.07159071126675058,0.010889640709935077,1.7016512334785592,0.4992857142857143
assist_prefix_only,1,S036,standardized_logreg_smoothed,4200,0.52,0.12401967026569,0.06106622277986999,1.607950348332929,0.48
assist_prefix_only,1,S039,standardized_logreg_smoothed,4200,0.38452380952380955,0.08674151054738544,0.04064281372399892,1.914890462305924,0.6154761904761905
assist_prefix_only,1,S107,standardized_logreg_smoothed,4200,0.5111904761904762,0.09935080066338266,0.03741940548689339,1.736952853011544,0.4888095238095238
assist_prefix_only,1,S111,standardized_logreg_smoothed,4200,0.5,0.0606060606060606,0.0,1.8149793142999628,0.5
assist_tail_only,1,S012,standardized_logreg_smoothed,4200,0.7188095238095238,0.6325251391093695,0.5891383236851009,0.7626753388503171,0.2811904761904762
assist_tail_only,1,S013,standardized_logreg_smoothed,4200,0.6830952380952381,0.5848481546251777,0.5593038740853397,0.8132318188527563,0.3169047619047619
assist_tail_only,1,S015,standardized_logreg_smoothed,4200,0.6004761904761905,0.38961815507750885,0.33563007271815537,0.9327557658572532,0.3995238095238095
assist_tail_only,1,S022,standardized_logreg_smoothed,4200,0.6669047619047619,0.5218166993050569,0.46948648343461663,0.8101457886770914,0.3330952380952381
assist_tail_only,1,S034,standardized_logreg_smoothed,4200,0.7133333333333334,0.5941638216094599,0.5420554690315785,0.7888913461800453,0.2866666666666667
assist_tail_only,1,S036,standardized_logreg_smoothed,4200,0.6828571428571428,0.5834036020649971,0.5449263602313509,0.8404084906226308,0.3171428571428571
assist_tail_only,1,S039,standardized_logreg_smoothed,4200,0.5311904761904762,0.4574707613595208,0.5004846070511815,1.0716557561600013,0.4688095238095238
assist_tail_only,1,S107,standardized_logreg_smoothed,4200,0.47285714285714286,0.2938262005936023,0.2956075986237165,1.0394371427903084,0.5271428571428571
assist_tail_only,1,S111,standardized_logreg_smoothed,4200,0.6761904761904762,0.522605292327637,0.4668833782860852,0.7801266382053518,0.3238095238095238
metadata_object_context,1,S012,standardized_logreg_smoothed,4200,0.5033333333333333,0.07244135058094223,0.011700309884444959,0.9737206406600325,0.49666666666666665
metadata_object_context,1,S013,standardized_logreg_smoothed,4200,0.5,0.0606060606060606,0.0,0.9751928933828621,0.5
metadata_object_context,1,S015,standardized_logreg_smoothed,4200,0.5002380952380953,0.061477379687070684,0.0008616975441619992,0.9761186592299934,0.49976190476190474
metadata_object_context,1,S022,standardized_logreg_smoothed,4200,0.5,0.0606060606060606,0.0,0.975705442943728,0.5
metadata_object_context,1,S034,standardized_logreg_smoothed,4200,0.5007142857142857,0.0640477947483136,0.003430531732418525,0.9755843922960135,0.4992857142857143
metadata_object_context,1,S036,standardized_logreg_smoothed,4200,0.5016666666666667,0.07054644872818318,0.01007069754390341,0.9750543179168047,0.49833333333333335
metadata_object_context,1,S039,standardized_logreg_smoothed,4200,0.5,0.06478621389702101,0.004228329809725159,0.9753776974247818,0.5
metadata_object_context,1,S107,standardized_logreg_smoothed,4200,0.5004761904761905,0.06234870182350689,0.0017233950883239985,0.9757859832988284,0.49952380952380954
metadata_object_context,1,S111,standardized_logreg_smoothed,4200,0.5009523809523809,0.06572325480212439,0.005113736554399576,0.9710164050974293,0.4990476190476191
full_assist_shuffled_tail,1,S012,standardized_logreg_smoothed,4200,0.5178571428571429,0.13119539077044096,0.06962146859170114,1.649542972225554,0.48214285714285715
full_assist_shuffled_tail,1,S013,standardized_logreg_smoothed,4200,0.49952380952380954,0.060673539916422055,0.0,1.749413668033051,0.5004761904761905
full_assist_shuffled_tail,1,S015,standardized_logreg_smoothed,4200,0.48857142857142855,0.07019641041855784,0.009090909090909092,1.748581477962838,0.5114285714285715
full_assist_shuffled_tail,1,S022,standardized_logreg_smoothed,4200,0.49785714285714283,0.06572063982612796,0.0049035607797417065,1.70738360691197,0.5021428571428571
full_assist_shuffled_tail,1,S034,standardized_logreg_smoothed,4200,0.5016666666666667,0.07574378037035337,0.014979781461063513,1.7034665435460912,0.49833333333333335
full_assist_shuffled_tail,1,S036,standardized_logreg_smoothed,4200,0.5183333333333333,0.1204079805092342,0.057389004260090366,1.6111992905592967,0.4816666666666667
full_assist_shuffled_tail,1,S039,standardized_logreg_smoothed,4200,0.38476190476190475,0.08733370658850266,0.040809327940066205,1.91782697308997,0.6152380952380953
full_assist_shuffled_tail,1,S107,standardized_logreg_smoothed,4200,0.5114285714285715,0.10071715040580866,0.038655594795586605,1.7392703149936208,0.48857142857142855
full_assist_shuffled_tail,1,S111,standardized_logreg_smoothed,4200,0.5,0.0606060606060606,0.0,1.8168468852045054,0.5
assist_tail_shuffled_only,1,S012,standardized_logreg_smoothed,4200,0.5,0.0606060606060606,0.0,1.8457569907647418,0.5
assist_tail_shuffled_only,1,S013,standardized_logreg_smoothed,4200,0.5,0.0606060606060606,0.0,1.8464664996832063,0.5
assist_tail_shuffled_only,1,S015,standardized_logreg_smoothed,4200,0.5,0.0606060606060606,0.0,1.8443062542308308,0.5
assist_tail_shuffled_only,1,S022,standardized_logreg_smoothed,4200,0.5,0.0606060606060606,0.0,1.846772540396808,0.5
assist_tail_shuffled_only,1,S034,standardized_logreg_smoothed,4200,0.5,0.0606060606060606,0.0,1.8455998946481846,0.5
assist_tail_shuffled_only,1,S036,standardized_logreg_smoothed,4200,0.5,0.0606060606060606,0.0,1.8451153721355062,0.5
assist_tail_shuffled_only,1,S039,standardized_logreg_smoothed,4200,0.5,0.0606060606060606,0.0,1.8448829938447286,0.5
assist_tail_shuffled_only,1,S107,standardized_logreg_smoothed,4200,0.5,0.0606060606060606,0.0,1.8456677815355593,0.5
assist_tail_shuffled_only,1,S111,standardized_logreg_smoothed,4200,0.5,0.0606060606060606,0.0,1.847086241396861,0.5
full_assist,2,S019,standardized_logreg_smoothed,4200,0.705952380952381,0.6106818561833587,0.5757994341673048,0.7835164679962738,0.29404761904761906
full_assist,2,S027,standardized_logreg_smoothed,4200,0.6692857142857143,0.5672672591979423,0.5454861704836667,0.8348442792499611,0.33071428571428574
full_assist,2,S033,standardized_logreg_smoothed,4200,0.795,0.7479998118142557,0.7109219778654136,0.7117113381405796,0.205
full_assist,2,S035,standardized_logreg_smoothed,4200,0.6445238095238095,0.4977195914821845,0.45515150595064086,0.8583240004907111,0.3554761904761905
full_assist,2,S040,standardized_logreg_smoothed,4200,0.6785714285714286,0.5800846353882103,0.5463960507803365,0.8317977678549687,0.32142857142857145
full_assist,2,S103,standardized_logreg_smoothed,4200,0.7328571428571429,0.6688157054353212,0.6496431105887112,0.7364657864726496,0.2671428571428571
full_assist,2,S105,standardized_logreg_smoothed,4200,0.5616666666666666,0.5627787341433677,0.6722194495664003,0.9471127887848799,0.43833333333333335
full_assist,2,S112,standardized_logreg_smoothed,4200,0.6933333333333334,0.5878012352570792,0.5419663958467855,0.7960002985787665,0.30666666666666664
full_assist,2,S113,standardized_logreg_smoothed,4200,0.4869047619047619,0.3170007202398659,0.3124532154154189,1.1618233000042948,0.513095238095238
user_emg_only,2,S019,standardized_logreg_smoothed,4200,0.5004761904761905,0.06491291554624276,0.00428417638518987,1.7421716708805266,0.49952380952380954
user_emg_only,2,S027,standardized_logreg_smoothed,4200,0.49738095238095237,0.0798283110778006,0.019849688891008358,1.7718118188208518,0.5026190476190476
user_emg_only,2,S033,standardized_logreg_smoothed,4200,0.49833333333333335,0.07385212981870017,0.01360470119246618,1.756250260356642,0.5016666666666667
user_emg_only,2,S035,standardized_logreg_smoothed,4200,0.4988095238095238,0.0630564013339133,0.002457002457002457,1.8445261299543694,0.5011904761904762
user_emg_only,2,S040,standardized_logreg_smoothed,4200,0.5014285714285714,0.07160701562055663,0.010866910670063767,1.6808036794641217,0.49857142857142855
user_emg_only,2,S103,standardized_logreg_smoothed,4200,0.4988095238095238,0.06069297178283794,0.0,1.7620609932561877,0.5011904761904762
user_emg_only,2,S105,standardized_logreg_smoothed,4200,0.49976190476190474,0.060596437541499466,0.0,1.8646297411920443,0.5002380952380953
user_emg_only,2,S112,standardized_logreg_smoothed,4200,0.51,0.08789034349845659,0.024844640912294193,1.6735150462392634,0.49
user_emg_only,2,S113,standardized_logreg_smoothed,4200,0.5,0.0606060606060606,0.0,1.784134828250519,0.5
assist_prefix_only,2,S019,standardized_logreg_smoothed,4200,0.4990476190476191,0.0607025978163283,0.0,1.737932966290214,0.5009523809523809
assist_prefix_only,2,S027,standardized_logreg_smoothed,4200,0.5011904761904762,0.08063699930631918,0.019678410234064417,1.793289290237633,0.4988095238095238
assist_prefix_only,2,S033,standardized_logreg_smoothed,4200,0.5004761904761905,0.06424453095121369,0.003406485424172945,1.736248482909933,0.49952380952380954
assist_prefix_only,2,S035,standardized_logreg_smoothed,4200,0.49976190476190474,0.06397111675626962,0.0033361134278565474,1.803174325263781,0.5002380952380953
assist_prefix_only,2,S040,standardized_logreg_smoothed,4200,0.5004761904761905,0.06831553342990379,0.007558736691681876,1.6721464972404452,0.49952380952380954
assist_prefix_only,2,S103,standardized_logreg_smoothed,4200,0.5,0.060750705142113254,0.0,1.7466648004372756,0.5
assist_prefix_only,2,S105,standardized_logreg_smoothed,4200,0.49952380952380954,0.06074116965836711,0.0,1.8280436376998084,0.5004761904761905
assist_prefix_only,2,S112,standardized_logreg_smoothed,4200,0.5064285714285715,0.07848397423396146,0.015683042975378897,1.6916658522926693,0.49357142857142855
assist_prefix_only,2,S113,standardized_logreg_smoothed,4200,0.5,0.0606060606060606,0.0,1.797583185409776,0.5
assist_tail_only,2,S019,standardized_logreg_smoothed,4200,0.6473809523809524,0.6081890918836295,0.6443685312636649,0.8551998412588498,0.3526190476190476
assist_tail_only,2,S027,standardized_logreg_smoothed,4200,0.6492857142857142,0.5112032647834722,0.4709370383094224,0.8180622112757532,0.3507142857142857
assist_tail_only,2,S033,standardized_logreg_smoothed,4200,0.7526190476190476,0.6874242861959968,0.6652462879960694,0.7505061294723319,0.24738095238095237
assist_tail_only,2,S035,standardized_logreg_smoothed,4200,0.6278571428571429,0.4892828197931486,0.46818505574414465,0.8589021637218086,0.37214285714285716
assist_tail_only,2,S040,standardized_logreg_smoothed,4200,0.6064285714285714,0.4973219261967412,0.4907728398448427,0.9560372271030453,0.39357142857142857
assist_tail_only,2,S103,standardized_logreg_smoothed,4200,0.7064285714285714,0.6353055620469035,0.6238666073435329,0.7805709772871506,0.2935714285714286
assist_tail_only,2,S105,standardized_logreg_smoothed,4200,0.585,0.5746062603433323,0.6614270021357275,0.9308340612998829,0.415
assist_tail_only,2,S112,standardized_logreg_smoothed,4200,0.6095238095238096,0.44475619334403244,0.4096276034375326,0.8800766651645588,0.3904761904761905
assist_tail_only,2,S113,standardized_logreg_smoothed,4200,0.39,0.33498037783365925,0.4081111456297561,1.2071816755940772,0.61
metadata_object_context,2,S019,standardized_logreg_smoothed,4200,0.4992857142857143,0.06140036459593468,0.0008616975441619992,0.975394800799854,0.5007142857142857
metadata_object_context,2,S027,standardized_logreg_smoothed,4200,0.5002380952380953,0.06396946303302203,0.003398470688190314,0.9747503615481287,0.49976190476190474
metadata_object_context,2,S033,standardized_logreg_smoothed,4200,0.5,0.0606060606060606,0.0,0.9748873935279562,0.5
metadata_object_context,2,S035,standardized_logreg_smoothed,4200,0.49857142857142855,0.06049051044284601,0.0,0.9756801581490271,0.5014285714285714
metadata_object_context,2,S040,standardized_logreg_smoothed,4200,0.5009523809523809,0.06408322604636646,0.0034386609545332607,0.9756169526631571,0.4990476190476191
metadata_object_context,2,S103,standardized_logreg_smoothed,4200,0.5,0.0606060606060606,0.0,0.9754116230312718,0.5
metadata_object_context,2,S105,standardized_logreg_smoothed,4200,0.4976190476190476,0.06621042971502479,0.005865102639296188,0.9782667397701228,0.5023809523809524
metadata_object_context,2,S112,standardized_logreg_smoothed,4200,0.5007142857142857,0.07053489278553217,0.0101010101010101,0.97513780851733,0.4992857142857143
metadata_object_context,2,S113,standardized_logreg_smoothed,4200,0.5,0.0606060606060606,0.0,0.9748851208099278,0.5
full_assist_shuffled_tail,2,S019,standardized_logreg_smoothed,4200,0.4990476190476191,0.06067360437683634,0.0,1.7385433213201045,0.5009523809523809
full_assist_shuffled_tail,2,S027,standardized_logreg_smoothed,4200,0.5016666666666667,0.08144056408431413,0.02041542625819606,1.7928084435278842,0.49833333333333335
full_assist_shuffled_tail,2,S033,standardized_logreg_smoothed,4200,0.5009523809523809,0.06594340985576452,0.005066527402118588,1.7381199976916906,0.4990476190476191
full_assist_shuffled_tail,2,S035,standardized_logreg_smoothed,4200,0.49952380952380954,0.06395182314402797,0.0033361134278565474,1.8035863545023398,0.5004761904761905
full_assist_shuffled_tail,2,S040,standardized_logreg_smoothed,4200,0.5007142857142857,0.06921662059681277,0.008384938426557421,1.6735808646656873,0.4992857142857143
full_assist_shuffled_tail,2,S103,standardized_logreg_smoothed,4200,0.49976190476190474,0.0607314391528268,0.0,1.7476145782409116,0.5002380952380953
full_assist_shuffled_tail,2,S105,standardized_logreg_smoothed,4200,0.49952380952380954,0.06077988295961527,0.0,1.8287251959560125,0.5004761904761905
full_assist_shuffled_tail,2,S112,standardized_logreg_smoothed,4200,0.5085714285714286,0.08356113004639663,0.020662525057343215,1.6930685926844973,0.49142857142857144
full_assist_shuffled_tail,2,S113,standardized_logreg_smoothed,4200,0.5,0.0606060606060606,0.0,1.7974122436765694,0.5
assist_tail_shuffled_only,2,S019,standardized_logreg_smoothed,4200,0.5,0.0606060606060606,0.0,1.845703581659986,0.5
assist_tail_shuffled_only,2,S027,standardized_logreg_smoothed,4200,0.5,0.0606060606060606,0.0,1.8450698071868277,0.5
assist_tail_shuffled_only,2,S033,standardized_logreg_smoothed,4200,0.5,0.0606060606060606,0.0,1.8454324844881662,0.5
assist_tail_shuffled_only,2,S035,standardized_logreg_smoothed,4200,0.5,0.0606060606060606,0.0,1.8462891802803885,0.5
assist_tail_shuffled_only,2,S040,standardized_logreg_smoothed,4200,0.5,0.0606060606060606,0.0,1.845527777655983,0.5
assist_tail_shuffled_only,2,S103,standardized_logreg_smoothed,4200,0.5,0.0606060606060606,0.0,1.8455233056502132,0.5
assist_tail_shuffled_only,2,S105,standardized_logreg_smoothed,4200,0.5,0.0606060606060606,0.0,1.8453556851674278,0.5
assist_tail_shuffled_only,2,S112,standardized_logreg_smoothed,4200,0.5,0.0606060606060606,0.0,1.8451339592032932,0.5
assist_tail_shuffled_only,2,S113,standardized_logreg_smoothed,4200,0.5,0.0606060606060606,0.0,1.8451177488667876,0.5
full_assist,3,S016,standardized_logreg_smoothed,4200,0.7116666666666667,0.6480164453528722,0.637336989223542,0.7651886819887689,0.28833333333333333
full_assist,3,S023,standardized_logreg_smoothed,4200,0.7359523809523809,0.6355258090597325,0.5820427426671069,0.7310743973394106,0.26404761904761903
full_assist,3,S028,standardized_logreg_smoothed,4200,0.7516666666666667,0.6773335446770891,0.6256880170013072,0.7237776706142659,0.24833333333333332
full_assist,3,S031,standardized_logreg_smoothed,4200,0.7407142857142858,0.6861941019722276,0.6727005887382629,0.722268544878071,0.2592857142857143
full_assist,3,S037,standardized_logreg_smoothed,4200,0.7714285714285715,0.6969254633404324,0.6495160897759639,0.6573460949727858,0.22857142857142856
full_assist,3,S038,standardized_logreg_smoothed,4200,0.6335714285714286,0.524665593731048,0.5056263894653958,0.8758366980180698,0.36642857142857144
full_assist,3,S109,standardized_logreg_smoothed,4200,0.7585714285714286,0.6752528965642474,0.6247932446574155,0.6769955228876497,0.24142857142857144
full_assist,3,S110,standardized_logreg_smoothed,4200,0.5919047619047619,0.5035033211716204,0.5226921247425452,1.029480706663938,0.4080952380952381
full_assist,3,S114,standardized_logreg_smoothed,4200,0.7626190476190476,0.6866909876026024,0.631972867956379,0.704809551776736,0.2373809523809524
user_emg_only,3,S016,standardized_logreg_smoothed,4200,0.4990476190476191,0.10466204737415294,0.045576584419559626,1.7257934589407087,0.5009523809523809
user_emg_only,3,S023,standardized_logreg_smoothed,4200,0.5026190476190476,0.08698699253554909,0.026838509534518287,1.679803616724008,0.49738095238095237
user_emg_only,3,S028,standardized_logreg_smoothed,4200,0.5002380952380953,0.06235194695380504,0.001711315216209578,1.7211166836310834,0.49976190476190474
user_emg_only,3,S031,standardized_logreg_smoothed,4200,0.5033333333333333,0.07332775125270158,0.01245099839955696,1.633431565861229,0.49666666666666665
user_emg_only,3,S037,standardized_logreg_smoothed,4200,0.49952380952380954,0.07283045287469662,0.012596129264062682,1.7725838623433146,0.5004761904761905
user_emg_only,3,S038,standardized_logreg_smoothed,4200,0.49952380952380954,0.07484473845559457,0.014512411718570766,1.7487725995992658,0.5004761904761905
user_emg_only,3,S109,standardized_logreg_smoothed,4200,0.4990476190476191,0.06464315159967333,0.004228329809725159,1.7026572384554037,0.5009523809523809
user_emg_only,3,S110,standardized_logreg_smoothed,4200,0.4683333333333333,0.09699772432476082,0.037334529909769626,1.8751352914695802,0.5316666666666666
user_emg_only,3,S114,standardized_logreg_smoothed,4200,0.5083333333333333,0.08542169355608127,0.02350855548035863,1.7036913607454087,0.49166666666666664
assist_prefix_only,3,S016,standardized_logreg_smoothed,4200,0.5064285714285715,0.1259471151593841,0.06904704285485422,1.6816610349884784,0.49357142857142855
assist_prefix_only,3,S023,standardized_logreg_smoothed,4200,0.5140476190476191,0.11361169127712839,0.05283170998781413,1.682806174038236,0.48595238095238097
assist_prefix_only,3,S028,standardized_logreg_smoothed,4200,0.5002380952380953,0.06148293966828752,0.0008576329331046312,1.712424651815206,0.49976190476190474
assist_prefix_only,3,S031,standardized_logreg_smoothed,4200,0.5076190476190476,0.08663527768939717,0.02533807826177694,1.6364090065796937,0.49238095238095236
assist_prefix_only,3,S037,standardized_logreg_smoothed,4200,0.5023809523809524,0.0858028281602778,0.026252717239841704,1.7234587317758043,0.4976190476190476
assist_prefix_only,3,S038,standardized_logreg_smoothed,4200,0.5009523809523809,0.0841051054246761,0.02396232900529652,1.7095316262657647,0.4990476190476191
assist_prefix_only,3,S109,standardized_logreg_smoothed,4200,0.4992857142857143,0.06321526872910582,0.002572898799313894,1.7059442434790943,0.5007142857142857
assist_prefix_only,3,S110,standardized_logreg_smoothed,4200,0.4911904761904762,0.1151785452692323,0.05084147954694432,1.8781435005496532,0.5088095238095238
assist_prefix_only,3,S114,standardized_logreg_smoothed,4200,0.5045238095238095,0.0790541825790498,0.018052869116698903,1.7301443260525242,0.49547619047619046
assist_tail_only,3,S016,standardized_logreg_smoothed,4200,0.6511904761904762,0.5437799518790556,0.5221784420646477,0.8473388580403729,0.3488095238095238
assist_tail_only,3,S023,standardized_logreg_smoothed,4200,0.7092857142857143,0.6009512670598195,0.5504342823634596,0.7848507457126659,0.2907142857142857
assist_tail_only,3,S028,standardized_logreg_smoothed,4200,0.689047619047619,0.5570587361517899,0.4991293811808287,0.7756170297480718,0.310952380952381
assist_tail_only,3,S031,standardized_logreg_smoothed,4200,0.6630952380952381,0.557242358218905,0.5364972430357366,0.8191020800919657,0.33690476190476193
assist_tail_only,3,S037,standardized_logreg_smoothed,4200,0.7516666666666667,0.6554960527111144,0.5958890175186857,0.6747440868303902,0.24833333333333332
assist_tail_only,3,S038,standardized_logreg_smoothed,4200,0.5290476190476191,0.3238557848298485,0.29831401331732255,0.9949211083540022,0.47095238095238096
assist_tail_only,3,S109,standardized_logreg_smoothed,4200,0.7390476190476191,0.6194353507436853,0.5613426963137461,0.7101545328703419,0.26095238095238094
assist_tail_only,3,S110,standardized_logreg_smoothed,4200,0.475,0.28748211885569064,0.281436768846923,1.0667802435714255,0.525
assist_tail_only,3,S114,standardized_logreg_smoothed,4200,0.7197619047619047,0.6209462216260614,0.5694921746922708,0.7341101496931752,0.28023809523809523
metadata_object_context,3,S016,standardized_logreg_smoothed,4200,0.5009523809523809,0.08309562872478306,0.023294696536549028,0.9739794559267748,0.4990476190476191
metadata_object_context,3,S023,standardized_logreg_smoothed,4200,0.5026190476190476,0.10217720795190327,0.04279452556460706,0.9711168120994446,0.49738095238095237
metadata_object_context,3,S028,standardized_logreg_smoothed,4200,0.5002380952380953,0.061477379687070684,0.0008616975441619992,0.9760472497701072,0.49976190476190474
metadata_object_context,3,S031,standardized_logreg_smoothed,4200,0.5,0.0606060606060606,0.0,0.974930922494771,0.5
metadata_object_context,3,S037,standardized_logreg_smoothed,4200,0.5,0.0606060606060606,0.0,0.9761029272801467,0.5
metadata_object_context,3,S038,standardized_logreg_smoothed,4200,0.5004761904761905,0.0949819126830766,0.03653105332470905,0.9752683888019696,0.49952380952380954
metadata_object_context,3,S109,standardized_logreg_smoothed,4200,0.5,0.0606060606060606,0.0,0.9743587996398995,0.5
metadata_object_context,3,S110,standardized_logreg_smoothed,4200,0.49976190476190474,0.06058681753236444,0.0,0.97527641757196,0.5002380952380953
metadata_object_context,3,S114,standardized_logreg_smoothed,4200,0.4992857142857143,0.08636471442578929,0.026783614471897723,0.9793150970682529,0.5007142857142857
full_assist_shuffled_tail,3,S016,standardized_logreg_smoothed,4200,0.5066666666666667,0.12731944684987168,0.07064770807967538,1.6822074279865844,0.49333333333333335
full_assist_shuffled_tail,3,S023,standardized_logreg_smoothed,4200,0.513095238095238,0.11071643501851262,0.04982739014327373,1.6837765309405819,0.4869047619047619
full_assist_shuffled_tail,3,S028,standardized_logreg_smoothed,4200,0.5004761904761905,0.06235426486160549,0.0017193304772666303,1.7136231231941101,0.49952380952380954
full_assist_shuffled_tail,3,S031,standardized_logreg_smoothed,4200,0.5092857142857142,0.09195326717302583,0.030616660995532487,1.6378001271116769,0.4907142857142857
full_assist_shuffled_tail,3,S037,standardized_logreg_smoothed,4200,0.5014285714285714,0.08432435795528294,0.024780168439551734,1.7252617373502597,0.49857142857142855
full_assist_shuffled_tail,3,S038,standardized_logreg_smoothed,4200,0.49833333333333335,0.08217210563985552,0.02234858487966041,1.7102860925639718,0.5016666666666667
full_assist_shuffled_tail,3,S109,standardized_logreg_smoothed,4200,0.4992857142857143,0.06320144254596831,0.002568910518980608,1.7080692035970801,0.5007142857142857
full_assist_shuffled_tail,3,S110,standardized_logreg_smoothed,4200,0.49166666666666664,0.11518328133896504,0.05060908122498542,1.8791645500400642,0.5083333333333333
full_assist_shuffled_tail,3,S114,standardized_logreg_smoothed,4200,0.505,0.07939228215888985,0.018246985988921473,1.7311021008616736,0.495
assist_tail_shuffled_only,3,S016,standardized_logreg_smoothed,4200,0.5,0.0606060606060606,0.0,1.844670402271258,0.5
assist_tail_shuffled_only,3,S023,standardized_logreg_smoothed,4200,0.5,0.0606060606060606,0.0,1.8454097585171487,0.5
assist_tail_shuffled_only,3,S028,standardized_logreg_smoothed,4200,0.5,0.0606060606060606,0.0,1.8447615249179932,0.5
assist_tail_shuffled_only,3,S031,standardized_logreg_smoothed,4200,0.5,0.0606060606060606,0.0,1.8451121589201833,0.5
assist_tail_shuffled_only,3,S037,standardized_logreg_smoothed,4200,0.5,0.0606060606060606,0.0,1.8439416892064804,0.5
assist_tail_shuffled_only,3,S038,standardized_logreg_smoothed,4200,0.5,0.0606060606060606,0.0,1.8451563875902102,0.5
assist_tail_shuffled_only,3,S109,standardized_logreg_smoothed,4200,0.5,0.0606060606060606,0.0,1.845778388271328,0.5
assist_tail_shuffled_only,3,S110,standardized_logreg_smoothed,4200,0.5,0.0606060606060606,0.0,1.8450053645849698,0.5
assist_tail_shuffled_only,3,S114,standardized_logreg_smoothed,4200,0.5,0.0606060606060606,0.0,1.845802788960293,0.5
full_assist,4,S020,standardized_logreg_smoothed,4200,0.6933333333333334,0.5943618764452049,0.5572539426211347,0.794052338741379,0.30666666666666664
full_assist,4,S021,standardized_logreg_smoothed,4200,0.7228571428571429,0.662622428661579,0.6550348246888723,0.8109447899389434,0.27714285714285714
full_assist,4,S024,standardized_logreg_smoothed,4200,0.5471428571428572,0.4156497656566909,0.42825696276920594,1.2426931353237813,0.45285714285714285
full_assist,4,S026,standardized_logreg_smoothed,4200,0.7845238095238095,0.7218198062090508,0.6724946788495951,0.6479557073764222,0.2154761904761905
full_assist,4,S029,standardized_logreg_smoothed,4200,0.7847619047619048,0.7145909290441016,0.6590677949511492,0.6541077147786031,0.21523809523809523
full_assist,4,S030,standardized_logreg_smoothed,4200,0.7519047619047619,0.6771187369799336,0.6453909983828575,0.7299340430047271,0.2480952380952381
full_assist,4,S032,standardized_logreg_smoothed,4200,0.7933333333333333,0.7254777670658373,0.6716961986143899,0.6019891151751664,0.20666666666666667
full_assist,4,S108,standardized_logreg_smoothed,4200,0.14476190476190476,0.06906245283607397,0.06119102111605621,2.669023445708528,0.8552380952380952
full_assist,4,S115,standardized_logreg_smoothed,4200,0.2195238095238095,0.24695821689643818,0.30397967919632296,2.172405376644655,0.7804761904761904
user_emg_only,4,S020,standardized_logreg_smoothed,4200,0.5011904761904762,0.09014994010015219,0.029782264009358576,1.6706361893506245,0.4988095238095238
user_emg_only,4,S021,standardized_logreg_smoothed,4200,0.49404761904761907,0.08901123104722007,0.028990877642272726,1.7395235220462604,0.5059523809523809
user_emg_only,4,S024,standardized_logreg_smoothed,4200,0.4990476190476191,0.07362592556659302,0.012160500634369919,1.8280547000975098,0.5009523809523809
user_emg_only,4,S026,standardized_logreg_smoothed,4200,0.5011904761904762,0.0650302114948355,0.0042601682323523135,1.7517648557164394,0.4988095238095238
user_emg_only,4,S029,standardized_logreg_smoothed,4200,0.5042857142857143,0.07605296212374114,0.014693739724413747,1.7162484051927653,0.4957142857142857
user_emg_only,4,S030,standardized_logreg_smoothed,4200,0.5285714285714286,0.14062414881675192,0.0784551153116283,1.6365617688551057,0.4714285714285714
user_emg_only,4,S032,standardized_logreg_smoothed,4200,0.5002380952380953,0.06397769184681185,0.003386950069414524,1.752454802245392,0.49976190476190474
user_emg_only,4,S108,standardized_logreg_smoothed,4200,0.05452380952380952,0.021736611096050292,0.03421385254429871,2.837719866389,0.9454761904761905
user_emg_only,4,S115,standardized_logreg_smoothed,4200,0.16785714285714284,0.05815795758209574,0.0416056670643866,2.4593867573064117,0.8321428571428572
assist_prefix_only,4,S020,standardized_logreg_smoothed,4200,0.5071428571428571,0.11212578732781807,0.05140255127323294,1.6904501092117044,0.4928571428571429
assist_prefix_only,4,S021,standardized_logreg_smoothed,4200,0.4980952380952381,0.11820696564809986,0.058307581664860095,1.749276293598047,0.5019047619047619
assist_prefix_only,4,S024,standardized_logreg_smoothed,4200,0.49404761904761907,0.0907401847053077,0.03170261633852464,1.852626534932507,0.5059523809523809
assist_prefix_only,4,S026,standardized_logreg_smoothed,4200,0.5040476190476191,0.0773424331805166,0.01652368580888999,1.7111772004610242,0.495952380952381
assist_prefix_only,4,S029,standardized_logreg_smoothed,4200,0.5085714285714286,0.09440356633557444,0.031580449164360154,1.6774931483626543,0.49142857142857144
assist_prefix_only,4,S030,standardized_logreg_smoothed,4200,0.5383333333333333,0.15413562938311828,0.08906329818816033,1.5946037122345422,0.46166666666666667
assist_prefix_only,4,S032,standardized_logreg_smoothed,4200,0.5011904761904762,0.06719139217715146,0.006343526350032532,1.7168122495394431,0.4988095238095238
assist_prefix_only,4,S108,standardized_logreg_smoothed,4200,0.08642857142857142,0.03705404877559392,0.039824586406254144,2.7879554366220036,0.9135714285714286
assist_prefix_only,4,S115,standardized_logreg_smoothed,4200,0.11928571428571429,0.05392919967682664,0.04913892539946214,2.5824531226940053,0.8807142857142857
assist_tail_only,4,S020,standardized_logreg_smoothed,4200,0.6302380952380953,0.46306206879638584,0.41520227574182017,0.8712729392431301,0.36976190476190474
assist_tail_only,4,S021,standardized_logreg_smoothed,4200,0.7461904761904762,0.6515081426852892,0.5950139612667654,0.748103764771463,0.2538095238095238
assist_tail_only,4,S024,standardized_logreg_smoothed,4200,0.5438095238095239,0.3661072930107625,0.3370170384860218,1.2309845085328213,0.4561904761904762
assist_tail_only,4,S026,standardized_logreg_smoothed,4200,0.7969047619047619,0.7405607464201401,0.6889226113331826,0.6385115831883975,0.2030952380952381
assist_tail_only,4,S029,standardized_logreg_smoothed,4200,0.7654761904761904,0.6842099772727138,0.6241197779959932,0.6691264125338222,0.23452380952380952
assist_tail_only,4,S030,standardized_logreg_smoothed,4200,0.6164285714285714,0.4996079399866992,0.4882661225207721,0.8970038005026222,0.38357142857142856
assist_tail_only,4,S032,standardized_logreg_smoothed,4200,0.775,0.6939512241948192,0.6374702132686858,0.6156291777139049,0.225
assist_tail_only,4,S108,standardized_logreg_smoothed,4200,0.5,0.0606060606060606,0.0,2.1793595901300433,0.5
assist_tail_only,4,S115,standardized_logreg_smoothed,4200,0.5292857142857142,0.3854259011895415,0.38255993533827026,1.173408192175413,0.4707142857142857
metadata_object_context,4,S020,standardized_logreg_smoothed,4200,0.5007142857142857,0.06650441332306865,0.005943595675934421,0.9736662165829767,0.4992857142857143
metadata_object_context,4,S021,standardized_logreg_smoothed,4200,0.5,0.0606060606060606,0.0,0.9749133235461814,0.5
metadata_object_context,4,S024,standardized_logreg_smoothed,4200,0.5,0.0606060606060606,0.0,0.9745745568173249,0.5
metadata_object_context,4,S026,standardized_logreg_smoothed,4200,0.4990476190476191,0.06136506394559468,0.0008616975441619992,0.9740965606816461,0.5009523809523809
metadata_object_context,4,S029,standardized_logreg_smoothed,4200,0.5007142857142857,0.06319575384656677,0.002560819462227913,0.9718315979720233,0.4992857142857143
metadata_object_context,4,S030,standardized_logreg_smoothed,4200,0.5,0.0606060606060606,0.0,0.9748436647924018,0.5
metadata_object_context,4,S032,standardized_logreg_smoothed,4200,0.5004761904761905,0.06318459724648437,0.0025769634103712615,0.9821276649843964,0.49952380952380954
metadata_object_context,4,S108,standardized_logreg_smoothed,4200,0.5002380952380953,0.06478591349835984,0.004228329809725159,0.9754447909068423,0.49976190476190474
metadata_object_context,4,S115,standardized_logreg_smoothed,4200,0.5004761904761905,0.06400453129425092,0.003398470688190314,0.978472336722494,0.49952380952380954
full_assist_shuffled_tail,4,S020,standardized_logreg_smoothed,4200,0.5076190476190476,0.12043764450784726,0.05968216780445039,1.7096767173404088,0.49238095238095236
full_assist_shuffled_tail,4,S021,standardized_logreg_smoothed,4200,0.4930952380952381,0.11455260858544518,0.0545812257134539,1.7802223664418393,0.5069047619047619
full_assist_shuffled_tail,4,S024,standardized_logreg_smoothed,4200,0.4926190476190476,0.09394016650319789,0.03563482180566731,1.8681151303984747,0.5073809523809524
full_assist_shuffled_tail,4,S026,standardized_logreg_smoothed,4200,0.5028571428571429,0.07588535099468437,0.014926775201623922,1.7332127693043233,0.49714285714285716
full_assist_shuffled_tail,4,S029,standardized_logreg_smoothed,4200,0.5104761904761905,0.1015388189249768,0.03826450851553465,1.7096957661214158,0.4895238095238095
full_assist_shuffled_tail,4,S030,standardized_logreg_smoothed,4200,0.5392857142857143,0.1667378516838739,0.10202870818328118,1.6149034401400872,0.4607142857142857
full_assist_shuffled_tail,4,S032,standardized_logreg_smoothed,4200,0.4992857142857143,0.06728868443559062,0.006307132554667158,1.7381753974763499,0.5007142857142857
full_assist_shuffled_tail,4,S108,standardized_logreg_smoothed,4200,0.08642857142857142,0.03661343413206727,0.03919769297504818,2.7884624916645904,0.9135714285714286
full_assist_shuffled_tail,4,S115,standardized_logreg_smoothed,4200,0.11714285714285715,0.04985244880892341,0.045507723479051215,2.5901739456300277,0.8828571428571429
assist_tail_shuffled_only,4,S020,standardized_logreg_smoothed,4200,0.5,0.0606060606060606,0.0,1.8666576404989847,0.5
assist_tail_shuffled_only,4,S021,standardized_logreg_smoothed,4200,0.5,0.0606060606060606,0.0,1.8673326221022217,0.5
assist_tail_shuffled_only,4,S024,standardized_logreg_smoothed,4200,0.5,0.0606060606060606,0.0,1.8681831812850036,0.5
assist_tail_shuffled_only,4,S026,standardized_logreg_smoothed,4200,0.5,0.0606060606060606,0.0,1.8721131644331874,0.5
assist_tail_shuffled_only,4,S029,standardized_logreg_smoothed,4200,0.5,0.0606060606060606,0.0,1.8656722595591226,0.5
assist_tail_shuffled_only,4,S030,standardized_logreg_smoothed,4200,0.5,0.0606060606060606,0.0,1.8630227660713383,0.5
assist_tail_shuffled_only,4,S032,standardized_logreg_smoothed,4200,0.5,0.0606060606060606,0.0,1.8676510083068458,0.5
assist_tail_shuffled_only,4,S108,standardized_logreg_smoothed,4200,0.5,0.0606060606060606,0.0,1.8692733687207121,0.5
assist_tail_shuffled_only,4,S115,standardized_logreg_smoothed,4200,0.5,0.0606060606060606,0.0,1.8741882140063237,0.5
