audit,split,fold_id,model,accuracy,balanced_accuracy,macro_f1,active_macro_f1,nll,ece,brier,n_test
context_prior_or_assist_ablation,amputee_loso,0,object_prior_allclass,0.5,0.09090909090909091,0.0606060606060606,0.0,0.8329776593428097,0.0023225165939437242,0.5483660690724309,4200
context_prior_or_assist_ablation,amputee_loso,0,object_prior_active_conditional,0.4142857142857143,0.7532467532467532,0.4932918536135152,0.8147809364880704,13.955328734531369,0.4061363958597097,0.9921032868904981,4200
context_prior_or_assist_ablation,amputee_loso,0,object_only_prior_allclass,0.5,0.09090909090909091,0.0606060606060606,0.0,0.9670546797882991,0.0017450358123583531,0.5931388551123562,4200
context_prior_or_assist_ablation,amputee_loso,0,object_only_prior_active_conditional,0.3357142857142857,0.6103896103896104,0.4076623691363823,0.6630997489594874,14.08941137306047,0.3308007587581344,0.9954351101531477,4200
context_prior_or_assist_ablation,amputee_loso,0,metadata_extra_trees,0.42023809523809524,0.7543290043290043,0.506855552712734,0.7533091711571154,1.3584376020904734,0.3359583221336093,0.8397257134953964,4200
context_prior_or_assist_ablation,amputee_loso,0,metadata_logreg,0.4142857142857143,0.7532467532467532,0.4996760500689634,0.8244641321156732,1.392207739605497,0.34579694625475293,0.8502313979983068,4200
context_prior_or_assist_ablation,amputee_loso,0,assist_full_extra_trees,0.7997619047619048,0.7438528138528138,0.75016168815664,0.7224799158264803,0.55164184238236,0.1436206512393527,0.3203553402056376,4200
context_prior_or_assist_ablation,amputee_loso,0,assist_tail_extra_trees,0.7076190476190476,0.7738528138528139,0.689522014150343,0.7416572374201116,0.6466818858440214,0.07961462633041726,0.3952222452066425,4200
context_prior_or_assist_ablation,amputee_loso,0,assist_prefix_extra_trees,0.4969047619047619,0.1406060606060606,0.1298376253751093,0.06282427817321466,1.7626331140449094,0.17243482985689573,0.6850117245407805,4200
user_decoder_adequacy,amputee_loso,0,lda,0.5035714285714286,0.12272727272727271,0.08891468871626751,0.023243866360420477,1.6935782035194167,0.0776991581181731,0.6418833419708009,4200
user_decoder_adequacy,amputee_loso,0,logreg,0.41595238095238096,0.14887445887445885,0.12601197412773024,0.06738259423524516,2.195458289540201,0.23062648565650576,0.8501476048544441,4200
user_decoder_adequacy,amputee_loso,0,random_forest,0.4880952380952381,0.1432900432900433,0.1355296093390866,0.06715718033764138,1.8331408539048806,0.20263876000231462,0.7159076662906187,4200
user_decoder_adequacy,amputee_loso,0,extra_trees,0.5007142857142857,0.15454545454545457,0.148240959885016,0.08127493528107615,1.7664278905489044,0.17855424271385095,0.6891899545220019,4200
context_prior_or_assist_ablation,amputee_loso,1,object_prior_allclass,0.5,0.09090909090909091,0.0606060606060606,0.0,0.8329776593428097,0.002322516593943613,0.5483660690724309,4200
context_prior_or_assist_ablation,amputee_loso,1,object_prior_active_conditional,0.4142857142857143,0.7532467532467532,0.4932918536135152,0.8147809364880704,13.955328734531369,0.4061363958597096,0.9921032868904981,4200
context_prior_or_assist_ablation,amputee_loso,1,object_only_prior_allclass,0.5,0.09090909090909091,0.0606060606060606,0.0,0.9670546797882991,0.0017450358123583531,0.5931388551123562,4200
context_prior_or_assist_ablation,amputee_loso,1,object_only_prior_active_conditional,0.3357142857142857,0.6103896103896104,0.4076623691363823,0.6630997489594874,14.089411373060472,0.3308007587581344,0.9954351101531479,4200
context_prior_or_assist_ablation,amputee_loso,1,metadata_extra_trees,0.4157142857142857,0.751168831168831,0.49966669315181006,0.7463932963523284,1.3680721041947335,0.3403353247084512,0.8478169926483045,4200
context_prior_or_assist_ablation,amputee_loso,1,metadata_logreg,0.4142857142857143,0.7532467532467532,0.4996760500689634,0.8244641321156732,1.3942225597559403,0.34670289642950125,0.8509253808977725,4200
context_prior_or_assist_ablation,amputee_loso,1,assist_full_extra_trees,0.7388095238095238,0.673939393939394,0.6852326607679524,0.6777708679334551,0.6704137938247071,0.1319335543126011,0.39320005966951993,4200
context_prior_or_assist_ablation,amputee_loso,1,assist_tail_extra_trees,0.6726190476190477,0.8033333333333335,0.6795858260360254,0.7768995755919363,0.6861227396738822,0.04323382151015834,0.42710086255555835,4200
context_prior_or_assist_ablation,amputee_loso,1,assist_prefix_extra_trees,0.47904761904761906,0.13073593073593076,0.11546691787377748,0.05842946002764822,1.9278140815298799,0.08188553553429505,0.7196718988084738,4200
user_decoder_adequacy,amputee_loso,1,lda,0.48904761904761906,0.13800865800865803,0.10855547371773532,0.04835889329038097,1.993165015522777,0.10369063139679761,0.7273859831149909,4200
user_decoder_adequacy,amputee_loso,1,logreg,0.3530952380952381,0.12341991341991342,0.10040979300828944,0.05339883435020359,2.7917581758998944,0.27752201660740905,0.9220584456210006,4200
user_decoder_adequacy,amputee_loso,1,random_forest,0.4645238095238095,0.123030303030303,0.10080418713348736,0.040515388461238304,1.9759231838675027,0.08428960556815884,0.7443276944420413,4200
user_decoder_adequacy,amputee_loso,1,extra_trees,0.4654761904761905,0.1228138528138528,0.10447742091518677,0.044182362846939015,1.9634370070185052,0.10493028286701267,0.735325384831914,4200
context_prior_or_assist_ablation,amputee_loso,2,object_prior_allclass,0.5,0.09090909090909091,0.0606060606060606,0.0,0.8329776593428097,0.0023225165939437242,0.5483660690724309,4200
context_prior_or_assist_ablation,amputee_loso,2,object_prior_active_conditional,0.4142857142857143,0.7532467532467532,0.4932918536135152,0.8147809364880704,13.955328734531369,0.4061363958597096,0.9921032868904981,4200
context_prior_or_assist_ablation,amputee_loso,2,object_only_prior_allclass,0.5,0.09090909090909091,0.0606060606060606,0.0,0.9670546797882991,0.0017450358123583531,0.5931388551123562,4200
context_prior_or_assist_ablation,amputee_loso,2,object_only_prior_active_conditional,0.3357142857142857,0.6103896103896104,0.4076623691363823,0.6630997489594874,14.089411373060472,0.3308007587581344,0.9954351101531479,4200
context_prior_or_assist_ablation,amputee_loso,2,metadata_extra_trees,0.4142857142857143,0.7532467532467532,0.5011627218229575,0.8259030555111183,1.3705286521377429,0.3384345740465257,0.8483249506314852,4200
context_prior_or_assist_ablation,amputee_loso,2,metadata_logreg,0.4142857142857143,0.7532467532467532,0.5020449663342116,0.8272125793206421,1.3932788753612646,0.34633592916004513,0.8512114825557101,4200
context_prior_or_assist_ablation,amputee_loso,2,assist_full_extra_trees,0.7407142857142858,0.7518181818181818,0.7052087903966168,0.7309324226064035,0.6074738657221684,0.1132958438680181,0.36662395531376174,4200
context_prior_or_assist_ablation,amputee_loso,2,assist_tail_extra_trees,0.6166666666666667,0.7993939393939393,0.6463233906512721,0.7822879726341362,0.7382115530543899,0.0516293398366755,0.4744607515849442,4200
context_prior_or_assist_ablation,amputee_loso,2,assist_prefix_extra_trees,0.4861904761904762,0.12151515151515149,0.11438905676363219,0.05024407811050837,1.8540464822805809,0.18812760548847987,0.7235558327328139,4200
user_decoder_adequacy,amputee_loso,2,lda,0.4976190476190476,0.09943722943722944,0.07467894462130782,0.01301642832797591,1.7492716003725497,0.09719254956019252,0.6630862347461601,4200
user_decoder_adequacy,amputee_loso,2,logreg,0.32,0.147012987012987,0.1321498462312485,0.09176974098651747,2.310727460735575,0.1512399387460793,0.8794253822307894,4200
user_decoder_adequacy,amputee_loso,2,random_forest,0.43761904761904763,0.130995670995671,0.12787976418308594,0.06901875953709383,1.9002199023432305,0.14989626202459808,0.7423275883137115,4200
user_decoder_adequacy,amputee_loso,2,extra_trees,0.44285714285714284,0.10818181818181817,0.0978900746532758,0.03660292329627683,1.8761743458295725,0.17994397490315728,0.7331092414342099,4200
context_prior_or_assist_ablation,amputee_loso,3,object_prior_allclass,0.5,0.09090909090909091,0.0606060606060606,0.0,0.8329776593428098,0.0023225165939437242,0.5483660690724309,4200
context_prior_or_assist_ablation,amputee_loso,3,object_prior_active_conditional,0.4142857142857143,0.7532467532467532,0.4932918536135152,0.8147809364880704,13.955328734531367,0.4061363958597097,0.9921032868904981,4200
context_prior_or_assist_ablation,amputee_loso,3,object_only_prior_allclass,0.5,0.09090909090909091,0.0606060606060606,0.0,0.967054679788299,0.0017450358123583531,0.5931388551123562,4200
context_prior_or_assist_ablation,amputee_loso,3,object_only_prior_active_conditional,0.3357142857142857,0.6103896103896104,0.4076623691363823,0.6630997489594874,14.089411373060472,0.3308007587581344,0.9954351101531479,4200
context_prior_or_assist_ablation,amputee_loso,3,metadata_extra_trees,0.4057142857142857,0.7368831168831168,0.4939981452860199,0.7415263700954076,1.3852945302360378,0.34699754124521553,0.8590801101959763,4200
context_prior_or_assist_ablation,amputee_loso,3,metadata_logreg,0.41285714285714287,0.7506493506493506,0.49783939101387387,0.8214281995282018,1.4004167176103357,0.34791691449834244,0.8544074138037087,4200
context_prior_or_assist_ablation,amputee_loso,3,assist_full_extra_trees,0.7238095238095238,0.680952380952381,0.6688923667867445,0.67493723583054,0.6238079022447885,0.09894841515979881,0.3782573101315798,4200
context_prior_or_assist_ablation,amputee_loso,3,assist_tail_extra_trees,0.6619047619047619,0.7733333333333333,0.6596025469792944,0.747390415829586,0.6853921778695565,0.04519253203646367,0.4316871147553261,4200
context_prior_or_assist_ablation,amputee_loso,3,assist_prefix_extra_trees,0.5019047619047619,0.12865800865800867,0.12688155092754883,0.06141358651543069,1.8640332297649231,0.17152482062364777,0.7141899162850008,4200
user_decoder_adequacy,amputee_loso,3,lda,0.5026190476190476,0.09606060606060604,0.07082279128508938,0.008936880262916018,1.7524063641738987,0.14345716061255395,0.6572101039511563,4200
user_decoder_adequacy,amputee_loso,3,logreg,0.3678571428571429,0.15532467532467534,0.14446385294870404,0.09904478321276368,2.2514485433830926,0.20014337307081262,0.8692386697625927,4200
user_decoder_adequacy,amputee_loso,3,random_forest,0.49357142857142855,0.13922077922077922,0.13620245378135862,0.06965750350112648,1.8469684617786886,0.18982902654072253,0.7110042491009043,4200
user_decoder_adequacy,amputee_loso,3,extra_trees,0.5014285714285714,0.13129870129870128,0.12502462379848023,0.059937738955359435,1.8230421480444308,0.18406386473971081,0.7009393331953786,4200
context_prior_or_assist_ablation,amputee_loso,4,object_prior_allclass,0.5,0.09090909090909091,0.0606060606060606,0.0,0.8329776593428097,0.002322516593943613,0.5483660690724309,4200
context_prior_or_assist_ablation,amputee_loso,4,object_prior_active_conditional,0.4142857142857143,0.7532467532467532,0.4932918536135152,0.8147809364880704,13.955328734531369,0.4061363958597097,0.9921032868904981,4200
context_prior_or_assist_ablation,amputee_loso,4,object_only_prior_allclass,0.5,0.09090909090909091,0.0606060606060606,0.0,0.967054679788299,0.0017450358123583531,0.5931388551123561,4200
context_prior_or_assist_ablation,amputee_loso,4,object_only_prior_active_conditional,0.3357142857142857,0.6103896103896104,0.4076623691363823,0.6630997489594874,14.089411373060472,0.3308007587581344,0.9954351101531479,4200
context_prior_or_assist_ablation,amputee_loso,4,metadata_extra_trees,0.4123809523809524,0.741991341991342,0.4994133291136111,0.7446622299442595,1.3734558763638958,0.33881020300486164,0.8476797298488239,4200
context_prior_or_assist_ablation,amputee_loso,4,metadata_logreg,0.4164285714285714,0.757142857142857,0.5027783196177027,0.8295641286983167,1.3795795329931082,0.34194882461462756,0.8457348373478051,4200
context_prior_or_assist_ablation,amputee_loso,4,assist_full_extra_trees,0.5283333333333333,0.5332034632034632,0.5157277688836428,0.5912136527985207,0.8737778582849075,0.05365409050118095,0.5517042054897926,4200
context_prior_or_assist_ablation,amputee_loso,4,assist_tail_extra_trees,0.6285714285714286,0.748961038961039,0.6412978093346611,0.7365943662083027,0.735990171422474,0.03231180726234071,0.46179801741129445,4200
context_prior_or_assist_ablation,amputee_loso,4,assist_prefix_extra_trees,0.3535714285714286,0.07597402597402597,0.06651566468689425,0.020731103943963294,2.2368702450552016,0.1662801714799284,0.8631651603113906,4200
user_decoder_adequacy,amputee_loso,4,lda,0.49,0.09142857142857141,0.0652636089577065,0.005051466319071953,2.199243774059376,0.21532192754849466,0.8049827080937612,4200
user_decoder_adequacy,amputee_loso,4,logreg,0.21523809523809523,0.0738095238095238,0.06677335648229,0.037205672660538945,2.758239812094357,0.09235093898735051,0.9361079448303569,4200
user_decoder_adequacy,amputee_loso,4,random_forest,0.255,0.07597402597402597,0.07349866874525522,0.04313768653644261,2.417477955059819,0.08856721251360791,0.8829419908995118,4200
user_decoder_adequacy,amputee_loso,4,extra_trees,0.2885714285714286,0.08753246753246753,0.07919455042826867,0.04825623190777794,2.311512334896488,0.08439854046083796,0.8668468086784537,4200
context_prior_or_assist_ablation,amputee_loso,5,object_prior_allclass,0.5,0.09090909090909091,0.0606060606060606,0.0,0.8329776593428097,0.0023225165939437242,0.5483660690724309,4200
context_prior_or_assist_ablation,amputee_loso,5,object_prior_active_conditional,0.4142857142857143,0.7532467532467532,0.4932918536135152,0.8147809364880704,13.955328734531369,0.4061363958597096,0.9921032868904979,4200
context_prior_or_assist_ablation,amputee_loso,5,object_only_prior_allclass,0.5,0.09090909090909091,0.0606060606060606,0.0,0.9670546797882991,0.0017450358123583531,0.5931388551123562,4200
context_prior_or_assist_ablation,amputee_loso,5,object_only_prior_active_conditional,0.3357142857142857,0.6103896103896104,0.4076623691363823,0.6630997489594874,14.08941137306047,0.3308007587581344,0.9954351101531477,4200
context_prior_or_assist_ablation,amputee_loso,5,metadata_extra_trees,0.41833333333333333,0.7547619047619047,0.503456768019193,0.7513272868773302,1.376271773531701,0.33816728834254606,0.8441374288549192,4200
context_prior_or_assist_ablation,amputee_loso,5,metadata_logreg,0.4157142857142857,0.7558441558441558,0.5023446909439997,0.7539681076332948,1.3755530758459487,0.34094619933969544,0.8430864162864314,4200
context_prior_or_assist_ablation,amputee_loso,5,assist_full_extra_trees,0.6373809523809524,0.754069264069264,0.6409267741054904,0.7412350593872755,0.7282562609304993,0.04334562460324528,0.4481196858979119,4200
context_prior_or_assist_ablation,amputee_loso,5,assist_tail_extra_trees,0.6447619047619048,0.786969696969697,0.6540378795033582,0.7630722560697133,0.6856188984575663,0.05935840060476355,0.436974614420443,4200
context_prior_or_assist_ablation,amputee_loso,5,assist_prefix_extra_trees,0.43833333333333335,0.1576190476190476,0.13838441971085852,0.08638649554199523,1.9573656276092537,0.18253082101608353,0.7809158538604867,4200
user_decoder_adequacy,amputee_loso,5,lda,0.4607142857142857,0.12545454545454546,0.1041161533653196,0.04625440123493064,1.9207078997799796,0.0626223202719313,0.7382139987427183,4200
user_decoder_adequacy,amputee_loso,5,logreg,0.15642857142857142,0.13324675324675325,0.10342588457583636,0.1050256157634628,2.827871029845291,0.16864381264955253,1.0149056211971177,4200
user_decoder_adequacy,amputee_loso,5,random_forest,0.39785714285714285,0.17012987012987013,0.14954026226283512,0.10458704261914925,2.0640290581047065,0.1654371552966577,0.81287754316787,4200
user_decoder_adequacy,amputee_loso,5,extra_trees,0.42404761904761906,0.16008658008658008,0.13793298847761729,0.08744781462049055,2.031651345654942,0.1910568941845389,0.8022545769981144,4200
context_prior_or_assist_ablation,amputee_loso,6,object_prior_allclass,0.5,0.09090909090909091,0.0606060606060606,0.0,0.8329776593428097,0.0023225165939437242,0.5483660690724309,4200
context_prior_or_assist_ablation,amputee_loso,6,object_prior_active_conditional,0.4142857142857143,0.7532467532467532,0.4932918536135152,0.8147809364880704,13.955328734531369,0.4061363958597097,0.9921032868904981,4200
context_prior_or_assist_ablation,amputee_loso,6,object_only_prior_allclass,0.5,0.09090909090909091,0.0606060606060606,0.0,0.9670546797882991,0.0017450358123583531,0.5931388551123562,4200
context_prior_or_assist_ablation,amputee_loso,6,object_only_prior_active_conditional,0.3357142857142857,0.6103896103896104,0.4076623691363823,0.6630997489594874,14.089411373060472,0.3308007587581344,0.9954351101531479,4200
context_prior_or_assist_ablation,amputee_loso,6,metadata_extra_trees,0.4142857142857143,0.7532467532467532,0.5012910925903511,0.8271286282082405,1.375362250878323,0.34135562391932933,0.8505153316411282,4200
context_prior_or_assist_ablation,amputee_loso,6,metadata_logreg,0.415,0.7545454545454544,0.5006404865780344,0.8261175946258209,1.3990383151214194,0.346299249254343,0.8526388613912802,4200
context_prior_or_assist_ablation,amputee_loso,6,assist_full_extra_trees,0.6730952380952381,0.700952380952381,0.648691576996065,0.7013499365902751,0.7000083159929179,0.07249310385903056,0.4318791728176667,4200
context_prior_or_assist_ablation,amputee_loso,6,assist_tail_extra_trees,0.5511904761904762,0.7508658008658009,0.5855151967511013,0.734704216937217,0.8084043534958868,0.07447051478535262,0.5271473868457939,4200
context_prior_or_assist_ablation,amputee_loso,6,assist_prefix_extra_trees,0.4930952380952381,0.15121212121212121,0.1389930069094156,0.07437993669756468,1.8259504228289556,0.15838270196234547,0.7188320153381268,4200
user_decoder_adequacy,amputee_loso,6,lda,0.5157142857142857,0.14636363636363636,0.1229078525346469,0.057478928025897665,1.7571228133668102,0.058340606770381415,0.6651688339604699,4200
user_decoder_adequacy,amputee_loso,6,logreg,0.36833333333333335,0.17021645021645024,0.13320504707843994,0.08805354603234417,2.2900527006895564,0.2012007613578626,0.8689811435692278,4200
user_decoder_adequacy,amputee_loso,6,random_forest,0.4895238095238095,0.15095238095238098,0.1453604282663007,0.08263009915539364,1.8308252180334,0.15811987839007732,0.7202342162616218,4200
user_decoder_adequacy,amputee_loso,6,extra_trees,0.4895238095238095,0.15562770562770567,0.14726578576024166,0.08554293831019343,1.8356273995717614,0.16403907329958423,0.7197553165252095,4200
context_prior_or_assist_ablation,amputee_loso,7,object_prior_allclass,0.5,0.09090909090909091,0.0606060606060606,0.0,0.8329776593428097,0.0023225165939437242,0.5483660690724309,4200
context_prior_or_assist_ablation,amputee_loso,7,object_prior_active_conditional,0.4142857142857143,0.7532467532467532,0.4932918536135152,0.8147809364880704,13.955328734531369,0.4061363958597096,0.9921032868904981,4200
context_prior_or_assist_ablation,amputee_loso,7,object_only_prior_allclass,0.5,0.09090909090909091,0.0606060606060606,0.0,0.9670546797882991,0.0017450358123583531,0.5931388551123562,4200
context_prior_or_assist_ablation,amputee_loso,7,object_only_prior_active_conditional,0.3357142857142857,0.6103896103896104,0.4076623691363823,0.6630997489594874,14.089411373060472,0.3308007587581344,0.9954351101531477,4200
context_prior_or_assist_ablation,amputee_loso,7,metadata_extra_trees,0.41523809523809524,0.7534199134199134,0.5007715761763734,0.8239668069351674,1.369641134151742,0.3390017377501405,0.8483473333037513,4200
context_prior_or_assist_ablation,amputee_loso,7,metadata_logreg,0.41309523809523807,0.751082251082251,0.4984451999328517,0.8225018488746174,1.3907063194394795,0.3477187048030916,0.8503356629969469,4200
context_prior_or_assist_ablation,amputee_loso,7,assist_full_extra_trees,0.5,0.09090909090909091,0.0606060606060606,0.0,1.8945648610657297,0.1134860183884868,0.747183202393426,4200
context_prior_or_assist_ablation,amputee_loso,7,assist_tail_extra_trees,0.5,0.09090909090909091,0.0606060606060606,0.0,2.0928777475116083,0.03781337196800978,0.7417289833511701,4200
context_prior_or_assist_ablation,amputee_loso,7,assist_prefix_extra_trees,0.15333333333333332,0.08709956709956711,0.03713642980018526,0.015126635816290989,2.1613143360006855,0.1425952222691459,0.8574931244740386,4200
user_decoder_adequacy,amputee_loso,7,lda,0.05023809523809524,0.09134199134199134,0.012633371069396309,0.024592044345346564,26.242891245581212,0.9497044785624557,1.8994365415219676,4200
user_decoder_adequacy,amputee_loso,7,logreg,0.05,0.09090909090909091,0.008658008658008658,0.01818181818181818,26.24947006013262,0.9499999999899998,1.8999999999791002,4200
user_decoder_adequacy,amputee_loso,7,random_forest,0.5045238095238095,0.11316017316017316,0.0827318813854048,0.018500572339297593,2.1258839563651164,0.3263036440013191,0.842487582289894,4200
user_decoder_adequacy,amputee_loso,7,extra_trees,0.5019047619047619,0.10216450216450217,0.0733230591678977,0.010316382276247038,2.1042416154271244,0.30904957926801,0.8330184001558271,4200
context_prior_or_assist_ablation,amputee_loso,8,object_prior_allclass,0.5,0.09090909090909091,0.0606060606060606,0.0,0.8329776593428097,0.0023225165939437242,0.5483660690724309,4200
context_prior_or_assist_ablation,amputee_loso,8,object_prior_active_conditional,0.4142857142857143,0.7532467532467532,0.4932918536135152,0.8147809364880704,13.955328734531369,0.4061363958597097,0.9921032868904981,4200
context_prior_or_assist_ablation,amputee_loso,8,object_only_prior_allclass,0.5,0.09090909090909091,0.0606060606060606,0.0,0.9670546797882991,0.0017450358123583531,0.5931388551123562,4200
context_prior_or_assist_ablation,amputee_loso,8,object_only_prior_active_conditional,0.3357142857142857,0.6103896103896104,0.4076623691363823,0.6630997489594874,14.089411373060472,0.3308007587581344,0.9954351101531479,4200
context_prior_or_assist_ablation,amputee_loso,8,metadata_extra_trees,0.42214285714285715,0.7546753246753247,0.5089535231618202,0.8299344113682452,1.347424338121436,0.3327370395268378,0.837323873554845,4200
context_prior_or_assist_ablation,amputee_loso,8,metadata_logreg,0.4142857142857143,0.7532467532467532,0.5018514212635609,0.8272125793206421,1.3827490085241567,0.34493139735505957,0.8475461970791593,4200
context_prior_or_assist_ablation,amputee_loso,8,assist_full_extra_trees,0.7314285714285714,0.7544155844155843,0.6922794441757634,0.7212037815548765,0.6134812001840235,0.08987155061794601,0.37126294346018635,4200
context_prior_or_assist_ablation,amputee_loso,8,assist_tail_extra_trees,0.6571428571428571,0.8223376623376623,0.6728018880897189,0.7850893089492683,0.6718442598104495,0.06017594569495382,0.4294472735775829,4200
context_prior_or_assist_ablation,amputee_loso,8,assist_prefix_extra_trees,0.4807142857142857,0.1435064935064935,0.12698116074124582,0.0633252129105427,1.8513891626330337,0.18398877392833166,0.7214950737610919,4200
user_decoder_adequacy,amputee_loso,8,lda,0.49547619047619046,0.09787878787878788,0.07418239466924813,0.013423088859748683,1.6921489678742412,0.10953462727803205,0.6555414560414106,4200
user_decoder_adequacy,amputee_loso,8,logreg,0.3880952380952381,0.18121212121212119,0.14367284657271784,0.1003648852220801,2.1613829899765853,0.19989733832787715,0.8448034543816891,4200
user_decoder_adequacy,amputee_loso,8,random_forest,0.46,0.17363636363636364,0.15872136390114588,0.09982506620329215,1.8791110846306325,0.16515944292427623,0.728885307267801,4200
user_decoder_adequacy,amputee_loso,8,extra_trees,0.47023809523809523,0.15562770562770561,0.1374760171101179,0.07490960631366725,1.8484202141443682,0.17560609050378273,0.7207162491283333,4200
context_prior_or_assist_ablation,amputee_loso,9,object_prior_allclass,0.5,0.09090909090909091,0.0606060606060606,0.0,0.8329776593428097,0.0023225165939437242,0.5483660690724309,4200
context_prior_or_assist_ablation,amputee_loso,9,object_prior_active_conditional,0.4142857142857143,0.7532467532467532,0.4932918536135152,0.8147809364880704,13.955328734531367,0.4061363958597097,0.9921032868904981,4200
context_prior_or_assist_ablation,amputee_loso,9,object_only_prior_allclass,0.5,0.09090909090909091,0.0606060606060606,0.0,0.9670546797882991,0.0017450358123583531,0.5931388551123562,4200
context_prior_or_assist_ablation,amputee_loso,9,object_only_prior_active_conditional,0.3357142857142857,0.6103896103896104,0.4076623691363823,0.6630997489594874,14.089411373060472,0.3308007587581344,0.9954351101531477,4200
context_prior_or_assist_ablation,amputee_loso,9,metadata_extra_trees,0.41523809523809524,0.7549783549783549,0.5005111721498644,0.7504865399989911,1.3753034415139938,0.34007476292090827,0.849502801375145,4200
context_prior_or_assist_ablation,amputee_loso,9,metadata_logreg,0.41404761904761905,0.7528138528138527,0.49934431403277313,0.8239297874026701,1.3966015520028392,0.3481147403948984,0.8521099463499465,4200
context_prior_or_assist_ablation,amputee_loso,9,assist_full_extra_trees,0.6426190476190476,0.6591774891774892,0.6127796160509892,0.666026707064672,0.7674400249698853,0.08990416309745601,0.46919194608308085,4200
context_prior_or_assist_ablation,amputee_loso,9,assist_tail_extra_trees,0.549047619047619,0.7582683982683982,0.5868086812190704,0.7488341624140022,0.8237885134864259,0.05664881859318151,0.538583659016262,4200
context_prior_or_assist_ablation,amputee_loso,9,assist_prefix_extra_trees,0.49976190476190474,0.1567099567099567,0.12674777767248643,0.0557373202791461,2.0117992613583473,0.2212869209442689,0.7731753894690616,4200
user_decoder_adequacy,amputee_loso,9,lda,0.36904761904761907,0.12554112554112554,0.0947381600756426,0.0421535525935153,5.622996962861542,0.3289434431223698,1.0410203519083916,4200
user_decoder_adequacy,amputee_loso,9,logreg,0.15857142857142856,0.0864935064935065,0.06842247829520108,0.048858553449170256,6.433151091150231,0.3420657789854661,1.1362282841200253,4200
user_decoder_adequacy,amputee_loso,9,random_forest,0.4926190476190476,0.15151515151515152,0.12435576761254877,0.052968401198099986,1.9972076206091598,0.2291973566021296,0.7815015334984795,4200
user_decoder_adequacy,amputee_loso,9,extra_trees,0.4930952380952381,0.1554978354978355,0.12448432348886436,0.05283713795529543,1.9889792642676591,0.22732041524488583,0.7786707349382781,4200
context_prior_or_assist_ablation,amputee_loso,10,object_prior_allclass,0.5,0.09090909090909091,0.0606060606060606,0.0,0.8329776593428097,0.0023225165939437242,0.5483660690724309,4200
context_prior_or_assist_ablation,amputee_loso,10,object_prior_active_conditional,0.4142857142857143,0.7532467532467532,0.4932918536135152,0.8147809364880704,13.955328734531369,0.4061363958597096,0.9921032868904981,4200
context_prior_or_assist_ablation,amputee_loso,10,object_only_prior_allclass,0.5,0.09090909090909091,0.0606060606060606,0.0,0.9670546797882991,0.0017450358123583531,0.5931388551123561,4200
context_prior_or_assist_ablation,amputee_loso,10,object_only_prior_active_conditional,0.3357142857142857,0.6103896103896104,0.4076623691363823,0.6630997489594874,14.08941137306047,0.3308007587581344,0.9954351101531477,4200
context_prior_or_assist_ablation,amputee_loso,10,metadata_extra_trees,0.43642857142857144,0.7405194805194806,0.5156944343036748,0.7431566741622194,1.3813918624875399,0.32314399894962254,0.8120719979093619,4200
context_prior_or_assist_ablation,amputee_loso,10,metadata_logreg,0.41333333333333333,0.7515151515151515,0.5018054492652883,0.8256163060182933,1.3049972093035034,0.33473539529929425,0.8151583963597958,4200
context_prior_or_assist_ablation,amputee_loso,10,assist_full_extra_trees,0.5795238095238096,0.45290043290043297,0.5012083523203046,0.5203195086302465,0.8318085426165975,0.04311629973336233,0.5224091353190619,4200
context_prior_or_assist_ablation,amputee_loso,10,assist_tail_extra_trees,0.7052380952380952,0.6775757575757576,0.661509889480257,0.6799601849515685,0.6653992429793695,0.10944970698617634,0.40219792026659973,4200
context_prior_or_assist_ablation,amputee_loso,10,assist_prefix_extra_trees,0.28285714285714286,0.06857142857142856,0.06899317735167307,0.028957581830354347,2.2704388903121955,0.04756859700765573,0.8573974422449075,4200
user_decoder_adequacy,amputee_loso,10,lda,0.4247619047619048,0.0854112554112554,0.07036637149411973,0.01538376639409419,2.116443159740751,0.2216944219581535,0.8417024237903742,4200
user_decoder_adequacy,amputee_loso,10,logreg,0.23047619047619047,0.09177489177489177,0.09137047514910167,0.06717809761731991,2.5112743074568042,0.0402892470970637,0.9041327609002159,4200
user_decoder_adequacy,amputee_loso,10,random_forest,0.27,0.08025974025974024,0.07668955130018072,0.04485706012619673,2.454318442856051,0.08090137993597439,0.8792133035313445,4200
user_decoder_adequacy,amputee_loso,10,extra_trees,0.26880952380952383,0.07575757575757576,0.07217092626021492,0.03853557775132806,2.407366238087071,0.08071611351377568,0.8699578769764417,4200
context_prior_or_assist_ablation,amputee_loso,11,object_prior_allclass,0.5,0.09090909090909091,0.0606060606060606,0.0,0.8329776593428097,0.0023225165939437242,0.5483660690724309,4200
context_prior_or_assist_ablation,amputee_loso,11,object_prior_active_conditional,0.4142857142857143,0.7532467532467532,0.4932918536135152,0.8147809364880704,13.955328734531369,0.4061363958597096,0.9921032868904981,4200
context_prior_or_assist_ablation,amputee_loso,11,object_only_prior_allclass,0.5,0.09090909090909091,0.0606060606060606,0.0,0.9670546797882988,0.0017450358123583531,0.5931388551123562,4200
context_prior_or_assist_ablation,amputee_loso,11,object_only_prior_active_conditional,0.3357142857142857,0.6103896103896104,0.4076623691363823,0.6630997489594874,14.089411373060472,0.3308007587581344,0.9954351101531479,4200
context_prior_or_assist_ablation,amputee_loso,11,metadata_extra_trees,0.4123809523809524,0.7493939393939393,0.5023393380049272,0.7513671265674072,1.403064970653416,0.3426449057110118,0.8543343594554769,4200
context_prior_or_assist_ablation,amputee_loso,11,metadata_logreg,0.4142857142857143,0.7532467532467532,0.4996472388580001,0.8244641321156732,1.398768163485307,0.34658446707285806,0.8528649045920853,4200
context_prior_or_assist_ablation,amputee_loso,11,assist_full_extra_trees,0.7471428571428571,0.6964935064935065,0.6944822846108872,0.6921980758875261,0.6157626354152308,0.12508586285471204,0.3736710854420138,4200
context_prior_or_assist_ablation,amputee_loso,11,assist_tail_extra_trees,0.6154761904761905,0.7528138528138529,0.6197791022287914,0.7327902536869978,0.7398613165033915,0.02700010638251972,0.47459142038974733,4200
context_prior_or_assist_ablation,amputee_loso,11,assist_prefix_extra_trees,0.49214285714285716,0.1338961038961039,0.12326039700419417,0.05681839257579178,1.8941637683015415,0.1951182425965542,0.7426965770342324,4200
user_decoder_adequacy,amputee_loso,11,lda,0.513095238095238,0.12757575757575756,0.10101135748484835,0.03367996042686936,1.8967584117695606,0.11332066461978817,0.6702707044470693,4200
user_decoder_adequacy,amputee_loso,11,logreg,0.43214285714285716,0.16194805194805195,0.14577345393476424,0.08623772568249616,2.204338544864296,0.2855757277322347,0.8597280053093788,4200
user_decoder_adequacy,amputee_loso,11,random_forest,0.5040476190476191,0.1434632034632035,0.12688292032260404,0.05586845476721753,1.9048991696192055,0.22075648686247643,0.7541765916256099,4200
user_decoder_adequacy,amputee_loso,11,extra_trees,0.5078571428571429,0.14337662337662338,0.12443243918240991,0.05438271763302163,1.844651649467581,0.22086560212728934,0.7275919366770426,4200
context_prior_or_assist_ablation,amputee_loso,12,object_prior_allclass,0.5,0.09090909090909091,0.0606060606060606,0.0,0.8329776593428097,0.0023225165939437242,0.5483660690724309,4200
context_prior_or_assist_ablation,amputee_loso,12,object_prior_active_conditional,0.4142857142857143,0.7532467532467532,0.4932918536135152,0.8147809364880704,13.955328734531369,0.4061363958597096,0.9921032868904981,4200
context_prior_or_assist_ablation,amputee_loso,12,object_only_prior_allclass,0.5,0.09090909090909091,0.0606060606060606,0.0,0.9670546797882991,0.0017450358123583531,0.5931388551123562,4200
context_prior_or_assist_ablation,amputee_loso,12,object_only_prior_active_conditional,0.3357142857142857,0.6103896103896104,0.4076623691363823,0.6630997489594874,14.089411373060472,0.3308007587581344,0.9954351101531477,4200
context_prior_or_assist_ablation,amputee_loso,12,metadata_extra_trees,0.41309523809523807,0.7506926406926407,0.4978152112411269,0.7468616925919721,1.3765423979670566,0.3428850801334477,0.8497241066893003,4200
context_prior_or_assist_ablation,amputee_loso,12,metadata_logreg,0.41404761904761905,0.7528138528138527,0.49968414571145314,0.8244607006762219,1.3948421603165762,0.34689801862344294,0.8514307758236315,4200
context_prior_or_assist_ablation,amputee_loso,12,assist_full_extra_trees,0.6309523809523809,0.6032900432900431,0.5873702122663998,0.6352990447763053,0.7439986589314864,0.05648435881986207,0.4708457822356257,4200
context_prior_or_assist_ablation,amputee_loso,12,assist_tail_extra_trees,0.48595238095238097,0.7409523809523809,0.5493625915467258,0.7457150618980034,0.8782841201103901,0.1279579538029527,0.5767748387429796,4200
context_prior_or_assist_ablation,amputee_loso,12,assist_prefix_extra_trees,0.5083333333333333,0.10800865800865798,0.0900639669072223,0.025047441544920758,1.8613951444962182,0.17524846121116278,0.7108281084164244,4200
user_decoder_adequacy,amputee_loso,12,lda,0.5,0.0912987012987013,0.06208780182422403,0.0008496176720475785,1.8658451319677312,0.15252442231744978,0.7015209940154913,4200
user_decoder_adequacy,amputee_loso,12,logreg,0.508095238095238,0.14147186147186147,0.13588772642153674,0.06653726465146761,2.110743277251817,0.3189329827707294,0.826573448759157,4200
user_decoder_adequacy,amputee_loso,12,random_forest,0.5107142857142857,0.11155844155844154,0.0955163384308428,0.028998555666481053,1.8296338614108676,0.2265388555198983,0.7032487807017207,4200
user_decoder_adequacy,amputee_loso,12,extra_trees,0.5097619047619047,0.10904761904761905,0.08949989304823734,0.0239604179260729,1.8441576347085176,0.21899453132163935,0.7066747093720722,4200
context_prior_or_assist_ablation,amputee_loso,13,object_prior_allclass,0.5,0.09090909090909091,0.0606060606060606,0.0,0.8329776593428097,0.0023225165939437242,0.5483660690724309,4200
context_prior_or_assist_ablation,amputee_loso,13,object_prior_active_conditional,0.4142857142857143,0.7532467532467532,0.4932918536135152,0.8147809364880704,13.955328734531369,0.4061363958597097,0.9921032868904981,4200
context_prior_or_assist_ablation,amputee_loso,13,object_only_prior_allclass,0.5,0.09090909090909091,0.0606060606060606,0.0,0.9670546797882988,0.0017450358123583531,0.5931388551123561,4200
context_prior_or_assist_ablation,amputee_loso,13,object_only_prior_active_conditional,0.3357142857142857,0.6103896103896104,0.4076623691363823,0.6630997489594874,14.089411373060472,0.3308007587581344,0.9954351101531479,4200
context_prior_or_assist_ablation,amputee_loso,13,metadata_extra_trees,0.41904761904761906,0.7287878787878787,0.5028711147489477,0.7369606234990657,1.3780042771552923,0.3356672888119281,0.8348204107558816,4200
context_prior_or_assist_ablation,amputee_loso,13,metadata_logreg,0.41309523809523807,0.7503030303030304,0.4999639219720646,0.8233796396034281,1.366428401224783,0.3422158412791669,0.8384700943321665,4200
context_prior_or_assist_ablation,amputee_loso,13,assist_full_extra_trees,0.719047619047619,0.6676190476190476,0.6617303943555494,0.65782089745418,0.7071817780818923,0.14326091152372578,0.42036227859183634,4200
context_prior_or_assist_ablation,amputee_loso,13,assist_tail_extra_trees,0.6802380952380952,0.6617316017316017,0.6419748100573438,0.6774767951194184,0.7057400521808441,0.10231369807257454,0.4338633523956999,4200
context_prior_or_assist_ablation,amputee_loso,13,assist_prefix_extra_trees,0.4788095238095238,0.14121212121212123,0.1197283515348858,0.05653113643696039,1.872077840940215,0.17094475160008016,0.7360803579807192,4200
user_decoder_adequacy,amputee_loso,13,lda,0.5007142857142857,0.13623376623376623,0.10371749319353141,0.04047186609487072,1.876080341638634,0.09304782991569936,0.7068455568200517,4200
user_decoder_adequacy,amputee_loso,13,logreg,0.3485714285714286,0.16,0.11857167314710083,0.07636478409438541,2.3313899262004716,0.1232539663651282,0.8510722002433492,4200
user_decoder_adequacy,amputee_loso,13,random_forest,0.43404761904761907,0.15333333333333335,0.1234299085963967,0.0638281971585994,1.9507979154251336,0.14481111939970293,0.7628976987812112,4200
user_decoder_adequacy,amputee_loso,13,extra_trees,0.44904761904761903,0.1587878787878788,0.13162079159742748,0.0702875693395051,1.9250496723954653,0.15449223837069506,0.756140011933903,4200
context_prior_or_assist_ablation,amputee_loso,14,object_prior_allclass,0.5,0.09090909090909091,0.0606060606060606,0.0,0.8329776593428097,0.0023225165939437242,0.5483660690724309,4200
context_prior_or_assist_ablation,amputee_loso,14,object_prior_active_conditional,0.4142857142857143,0.7532467532467532,0.4932918536135152,0.8147809364880704,13.955328734531369,0.4061363958597097,0.9921032868904981,4200
context_prior_or_assist_ablation,amputee_loso,14,object_only_prior_allclass,0.5,0.09090909090909091,0.0606060606060606,0.0,0.967054679788299,0.0017450358123583531,0.5931388551123562,4200
context_prior_or_assist_ablation,amputee_loso,14,object_only_prior_active_conditional,0.3357142857142857,0.6103896103896104,0.4076623691363823,0.6630997489594874,14.08941137306047,0.3308007587581344,0.9954351101531477,4200
context_prior_or_assist_ablation,amputee_loso,14,metadata_extra_trees,0.4176190476190476,0.7437229437229437,0.5024976422766687,0.744664027796383,1.381085452779773,0.3308412273396791,0.8435451931826266,4200
context_prior_or_assist_ablation,amputee_loso,14,metadata_logreg,0.41023809523809524,0.7458874458874458,0.49534515810060287,0.8163626103750102,1.3824640619954236,0.34810725981247553,0.8487340115667227,4200
context_prior_or_assist_ablation,amputee_loso,14,assist_full_extra_trees,0.4797619047619048,0.09385281385281385,0.06851267077870406,0.01188811188811189,2.150091843631059,0.044168618974875264,0.7832943233156653,4200
context_prior_or_assist_ablation,amputee_loso,14,assist_tail_extra_trees,0.3261904761904762,0.09125541125541124,0.0880040023157316,0.04536144058985545,2.103483543731757,0.14764981647076517,0.8404351936636928,4200
context_prior_or_assist_ablation,amputee_loso,14,assist_prefix_extra_trees,0.4673809523809524,0.09199134199134198,0.06621313842535392,0.013249907986750091,2.041644542845071,0.20730141448090833,0.8063466028714722,4200
user_decoder_adequacy,amputee_loso,14,lda,0.052142857142857144,0.09441558441558441,0.027924606347391977,0.043849342100921125,16.93902140171188,0.7586105750649078,1.639231800387151,4200
user_decoder_adequacy,amputee_loso,14,logreg,0.05547619047619048,0.10086580086580087,0.03173734932289652,0.056465843688179626,18.25829447667465,0.8032088747625381,1.698684659283445,4200
user_decoder_adequacy,amputee_loso,14,random_forest,0.4688095238095238,0.09108225108225108,0.06930303501002413,0.012252283243048091,1.986033497269247,0.1567905862564316,0.7794032448179102,4200
user_decoder_adequacy,amputee_loso,14,extra_trees,0.4585714285714286,0.08688311688311688,0.06258208878630382,0.0070022656471254606,2.0244108477705085,0.185618888231879,0.7970227175410678,4200
context_prior_or_assist_ablation,able_to_amputee,0,object_prior_allclass,0.5,0.09090909090909091,0.0606060606060606,0.0,0.8305295935990334,0.0010682343435415853,0.5483547021905433,63000
context_prior_or_assist_ablation,able_to_amputee,0,object_prior_active_conditional,0.4142857142857143,0.7532467532467532,0.4932918536135152,0.8147809364880704,13.95289036627394,0.4105253397796907,0.9963311593020289,63000
context_prior_or_assist_ablation,able_to_amputee,0,object_only_prior_allclass,0.5,0.09090909090909091,0.0606060606060606,0.0,0.9653034777771963,0.0008018418225713142,0.5931333442975263,63000
context_prior_or_assist_ablation,able_to_amputee,0,object_only_prior_active_conditional,0.3357142857142857,0.6103896103896104,0.4076623691363823,0.6630997489594874,14.087665443337004,0.33345089446420406,0.9978862567956902,63000
context_prior_or_assist_ablation,able_to_amputee,0,metadata_extra_trees,0.4187777777777778,0.7507647907647907,0.5044035382839357,0.7477170914938924,1.3717665709560976,0.33534499891159764,0.8410588391858004,63000
context_prior_or_assist_ablation,able_to_amputee,0,metadata_logreg,0.41479365079365077,0.7541702741702743,0.4987944838013147,0.8230444544880783,1.3809466423426764,0.3441683765712638,0.8469484567629033,63000
context_prior_or_assist_ablation,able_to_amputee,0,assist_full_extra_trees,0.6649047619047619,0.5944761904761905,0.6121004394430598,0.6302371433013847,0.7933472159498703,0.07897388017789736,0.4581353683796519,63000
context_prior_or_assist_ablation,able_to_amputee,0,assist_tail_extra_trees,0.593,0.7282597402597403,0.6102917948029963,0.7305443758024123,0.8422777830429715,0.02990979025065117,0.5058791570241198,63000
context_prior_or_assist_ablation,able_to_amputee,0,assist_prefix_extra_trees,0.4835238095238095,0.11682251082251081,0.10389070023554049,0.04538162866072723,1.9173848686482518,0.16928102735433295,0.7493113978907794,63000
user_decoder_adequacy,able_to_amputee,0,lda,0.44315873015873014,0.10961327561327562,0.0848947637665488,0.030855633396775165,4.268887245023322,0.22286508426359486,0.8514616089751893,63000
user_decoder_adequacy,able_to_amputee,0,logreg,0.3533650793650794,0.14305339105339107,0.12939858973761237,0.08773686241198858,4.615046416044355,0.3171871195938556,0.978254703497508,63000
user_decoder_adequacy,able_to_amputee,0,random_forest,0.48807936507936506,0.1274170274170274,0.11963514898731574,0.058487133056198785,1.9097964126469413,0.1505191051321407,0.7425107875304218,63000
user_decoder_adequacy,able_to_amputee,0,extra_trees,0.4592222222222222,0.12297546897546897,0.11345066248507742,0.05679432797712587,1.8989154478340413,0.12577233901345033,0.7378628996374743,63000
context_prior_or_assist_ablation,all_subject_kfold,0,object_prior_allclass,0.5,0.09090909090909091,0.0606060606060606,0.0,0.8301715790338599,0.0008845105219174032,0.5483537423877048,37800
context_prior_or_assist_ablation,all_subject_kfold,0,object_prior_active_conditional,0.4142857142857143,0.7532467532467532,0.4932918536135152,0.8147809364880704,13.952533170405726,0.4111706032843506,0.9969576633295719,37800
context_prior_or_assist_ablation,all_subject_kfold,0,object_only_prior_allclass,0.5,0.09090909090909091,0.0606060606060606,0.0,0.965047535553944,0.0006638395502222005,0.5931328800012831,37800
context_prior_or_assist_ablation,all_subject_kfold,0,object_only_prior_active_conditional,0.3357142857142857,0.6103896103896104,0.4076623691363823,0.6630997489594874,14.087409945212658,0.33383975460272297,0.9982480749711892,37800
context_prior_or_assist_ablation,all_subject_kfold,0,metadata_extra_trees,0.4146825396825397,0.7521933621933623,0.5001746956140273,0.7492892701049683,1.368077710693565,0.33802152801567614,0.8472942781607482,37800
context_prior_or_assist_ablation,all_subject_kfold,0,metadata_logreg,0.41415343915343916,0.753006253006253,0.49952981849989303,0.8242560398444247,1.3879419212663158,0.3455591516530254,0.8495074064770133,37800
context_prior_or_assist_ablation,all_subject_kfold,0,assist_full_extra_trees,0.728015873015873,0.6774747474747475,0.6856857316425865,0.6906384909914455,0.7426468402157905,0.12781257718772848,0.4039701773035347,37800
context_prior_or_assist_ablation,all_subject_kfold,0,assist_tail_extra_trees,0.6267195767195767,0.7321741221741221,0.6349680866532655,0.7360634658951802,0.8380368649864743,0.03078178526606943,0.4800695922603084,37800
context_prior_or_assist_ablation,all_subject_kfold,0,assist_prefix_extra_trees,0.44126984126984126,0.14499278499278498,0.14448941882659033,0.0941367199928643,1.8829667725666763,0.1155372114391633,0.738814755603475,37800
user_decoder_adequacy,all_subject_kfold,0,lda,0.4424867724867725,0.11231361231361232,0.09876851479382753,0.04561895672676002,4.567426285837747,0.17473240988768196,0.8427236736625112,37800
user_decoder_adequacy,all_subject_kfold,0,logreg,0.3218783068783069,0.1618566618566619,0.1536577241670505,0.12376155031693593,4.952272358665758,0.27746114038645037,0.9848298609645517,37800
user_decoder_adequacy,all_subject_kfold,0,random_forest,0.46246031746031746,0.16395382395382396,0.1672208133760069,0.1154597281245686,1.9017462936711418,0.14251784513771484,0.7429926688946803,37800
user_decoder_adequacy,all_subject_kfold,0,extra_trees,0.4671957671957672,0.1555074555074555,0.1573305119184338,0.10438259372887107,1.8859237396944608,0.1464178330201413,0.7381797702593956,37800
context_prior_or_assist_ablation,all_subject_kfold,1,object_prior_allclass,0.5,0.09090909090909091,0.0606060606060606,0.0,0.83017157903386,0.0008845105219174032,0.5483537423877048,37800
context_prior_or_assist_ablation,all_subject_kfold,1,object_prior_active_conditional,0.4142857142857143,0.7532467532467532,0.4932918536135152,0.8147809364880704,13.952533170405726,0.4111706032843506,0.9969576633295719,37800
context_prior_or_assist_ablation,all_subject_kfold,1,object_only_prior_allclass,0.5,0.09090909090909091,0.0606060606060606,0.0,0.9650475355539442,0.0006638395502222005,0.5931328800012831,37800
context_prior_or_assist_ablation,all_subject_kfold,1,object_only_prior_active_conditional,0.3357142857142857,0.6103896103896104,0.4076623691363823,0.6630997489594874,14.087409945212658,0.33383975460272297,0.9982480749711892,37800
context_prior_or_assist_ablation,all_subject_kfold,1,metadata_extra_trees,0.4153703703703704,0.7508898508898508,0.503273966179122,0.7520877653740944,1.368965519696171,0.338816534528267,0.8473345621903793,37800
context_prior_or_assist_ablation,all_subject_kfold,1,metadata_logreg,0.4151058201058201,0.7547378547378547,0.5008005521248224,0.826319996297007,1.3887244549915883,0.34413533038622357,0.8495125492702248,37800
context_prior_or_assist_ablation,all_subject_kfold,1,assist_full_extra_trees,0.7254497354497355,0.6615103415103415,0.6785506224449341,0.6785700637922542,0.6379025890732802,0.09835649644762066,0.3860564792250256,37800
context_prior_or_assist_ablation,all_subject_kfold,1,assist_tail_extra_trees,0.6457407407407407,0.7736844636844638,0.6558072387568087,0.7599110786425191,0.713252713961217,0.022933991860763545,0.45037516732923166,37800
context_prior_or_assist_ablation,all_subject_kfold,1,assist_prefix_extra_trees,0.5140476190476191,0.15562770562770561,0.16018529490419905,0.0989507728114115,1.79672972097953,0.1713760086247218,0.7100715784300573,37800
user_decoder_adequacy,all_subject_kfold,1,lda,0.4713756613756614,0.11137566137566136,0.09634147534266799,0.040343679497282924,2.4819987422193064,0.08604663648462296,0.7427898749669736,37800
user_decoder_adequacy,all_subject_kfold,1,logreg,0.32592592592592595,0.1699086099086099,0.15815235940701433,0.1316279783967683,3.163489104777724,0.19984421989933268,0.9098009124859439,37800
user_decoder_adequacy,all_subject_kfold,1,random_forest,0.48108465608465606,0.17106301106301103,0.17593608819548026,0.12245781768325821,1.8627471027716243,0.1498776442635935,0.7343619431819196,37800
user_decoder_adequacy,all_subject_kfold,1,extra_trees,0.4842592592592593,0.1624194324194324,0.16585227857971063,0.11134775886046998,1.8493874763611977,0.1472021484541693,0.7288508250822399,37800
context_prior_or_assist_ablation,all_subject_kfold,2,object_prior_allclass,0.5,0.09090909090909091,0.0606060606060606,0.0,0.8301715790338599,0.0008845105219174032,0.5483537423877048,37800
context_prior_or_assist_ablation,all_subject_kfold,2,object_prior_active_conditional,0.4142857142857143,0.7532467532467532,0.4932918536135152,0.8147809364880704,13.952533170405726,0.4111706032843506,0.9969576633295719,37800
context_prior_or_assist_ablation,all_subject_kfold,2,object_only_prior_allclass,0.5,0.09090909090909091,0.0606060606060606,0.0,0.9650475355539442,0.0006638395502222005,0.5931328800012831,37800
context_prior_or_assist_ablation,all_subject_kfold,2,object_only_prior_active_conditional,0.3357142857142857,0.6103896103896104,0.4076623691363823,0.6630997489594874,14.087409945212658,0.33383975460272297,0.9982480749711892,37800
context_prior_or_assist_ablation,all_subject_kfold,2,metadata_extra_trees,0.41584656084656085,0.7519288119288118,0.5045194975469331,0.7509093902203133,1.3676916453018748,0.3386690273998612,0.8458761782044422,37800
context_prior_or_assist_ablation,all_subject_kfold,2,metadata_logreg,0.4145238095238095,0.7536796536796537,0.5001241268846889,0.8252875457665908,1.3871501239640291,0.3450505032127981,0.8489410917146861,37800
context_prior_or_assist_ablation,all_subject_kfold,2,assist_full_extra_trees,0.698968253968254,0.5918037518037518,0.6339863676718871,0.621736845587471,0.9279516164037331,0.10044461299033106,0.4480197733479522,37800
context_prior_or_assist_ablation,all_subject_kfold,2,assist_tail_extra_trees,0.5985185185185186,0.6418518518518519,0.5825272885273883,0.6572676707234609,0.9827449300226409,0.037505996800862224,0.5099355099654537,37800
context_prior_or_assist_ablation,all_subject_kfold,2,assist_prefix_extra_trees,0.4751058201058201,0.14421837421837422,0.14379848857396735,0.08831732972090149,1.871175606133289,0.17920370425224874,0.7409238703753471,37800
user_decoder_adequacy,all_subject_kfold,2,lda,0.4025132275132275,0.12075998075998076,0.10923360725306339,0.06438574218711897,2.3272118882144666,0.10675798890698765,0.7883018172300409,37800
user_decoder_adequacy,all_subject_kfold,2,logreg,0.27126984126984127,0.15992784992784992,0.14605677331497713,0.12646617638868013,3.5250995847076747,0.24948268596988893,0.9934309583276659,37800
user_decoder_adequacy,all_subject_kfold,2,random_forest,0.46793650793650793,0.1695815295815296,0.17270901580993583,0.1216614786840827,1.8892225541708536,0.17290656431027937,0.7459429840142654,37800
user_decoder_adequacy,all_subject_kfold,2,extra_trees,0.4703703703703704,0.16651755651755654,0.16683242687530456,0.11512088236439598,1.873535857581015,0.1759560443004776,0.7416274211172922,37800
context_prior_or_assist_ablation,all_subject_kfold,3,object_prior_allclass,0.5,0.09090909090909091,0.0606060606060606,0.0,0.83017157903386,0.0008845105219174032,0.5483537423877048,37800
context_prior_or_assist_ablation,all_subject_kfold,3,object_prior_active_conditional,0.4142857142857143,0.7532467532467532,0.4932918536135152,0.8147809364880704,13.952533170405726,0.4111706032843506,0.9969576633295719,37800
context_prior_or_assist_ablation,all_subject_kfold,3,object_only_prior_allclass,0.5,0.09090909090909091,0.0606060606060606,0.0,0.965047535553944,0.0006638395502222005,0.5931328800012832,37800
context_prior_or_assist_ablation,all_subject_kfold,3,object_only_prior_active_conditional,0.3357142857142857,0.6103896103896104,0.4076623691363823,0.6630997489594874,14.087409945212658,0.33383975460272297,0.9982480749711892,37800
context_prior_or_assist_ablation,all_subject_kfold,3,metadata_extra_trees,0.4192592592592593,0.7536748436748436,0.5021018533252349,0.7474496573021113,1.3577716902237422,0.33508632595726123,0.8402352420363466,37800
context_prior_or_assist_ablation,all_subject_kfold,3,metadata_logreg,0.41444444444444445,0.7535353535353534,0.5001410184601401,0.8249967156574252,1.3803930299842553,0.34515920380028986,0.8467260314485932,37800
context_prior_or_assist_ablation,all_subject_kfold,3,assist_full_extra_trees,0.7627513227513227,0.7176430976430975,0.7178475278285901,0.711192748601771,0.5990574681310251,0.1299719666788904,0.3573362612439249,37800
context_prior_or_assist_ablation,all_subject_kfold,3,assist_tail_extra_trees,0.6633333333333333,0.7893939393939394,0.6698829008687164,0.7670723643163494,0.6705815341918205,0.025884440548441787,0.4227566940951975,37800
context_prior_or_assist_ablation,all_subject_kfold,3,assist_prefix_extra_trees,0.5045767195767196,0.15866762866762862,0.16200480290946692,0.10315067964769115,1.795983788606465,0.17468427401472097,0.7101042403283686,37800
user_decoder_adequacy,all_subject_kfold,3,lda,0.5047089947089947,0.13721981721981721,0.12783223979000974,0.06800588050088222,1.7608140075908398,0.036009529829454524,0.6814687773153545,37800
user_decoder_adequacy,all_subject_kfold,3,logreg,0.3383862433862434,0.1768061568061568,0.1680915064208626,0.14016159826190944,2.2569495264821344,0.15731512546558943,0.8643484669292975,37800
user_decoder_adequacy,all_subject_kfold,3,random_forest,0.468994708994709,0.19154882154882155,0.19472877313290263,0.14649870966539458,1.8440401975255107,0.13905971641604264,0.7257692860797859,37800
user_decoder_adequacy,all_subject_kfold,3,extra_trees,0.4771164021164021,0.1848869648869649,0.18558116379519987,0.13499271834364257,1.837072982692663,0.15198447177553023,0.7253117976450159,37800
context_prior_or_assist_ablation,all_subject_kfold,4,object_prior_allclass,0.5,0.09090909090909091,0.0606060606060606,0.0,0.83017157903386,0.0008845105219174032,0.5483537423877048,37800
context_prior_or_assist_ablation,all_subject_kfold,4,object_prior_active_conditional,0.4142857142857143,0.7532467532467532,0.4932918536135152,0.8147809364880704,13.952533170405726,0.4111706032843506,0.9969576633295719,37800
context_prior_or_assist_ablation,all_subject_kfold,4,object_only_prior_allclass,0.5,0.09090909090909091,0.0606060606060606,0.0,0.9650475355539442,0.0006638395502222005,0.5931328800012831,37800
context_prior_or_assist_ablation,all_subject_kfold,4,object_only_prior_active_conditional,0.3357142857142857,0.6103896103896104,0.4076623691363823,0.6630997489594874,14.087409945212658,0.33383975460272297,0.9982480749711892,37800
context_prior_or_assist_ablation,all_subject_kfold,4,metadata_extra_trees,0.4157142857142857,0.7532900432900433,0.5024992324735288,0.7501456720209503,1.3648800884093428,0.3387232647225442,0.8464673886672011,37800
context_prior_or_assist_ablation,all_subject_kfold,4,metadata_logreg,0.4141269841269841,0.7529581529581528,0.4994783081361737,0.8241900829871573,1.387017749805376,0.34536338935260164,0.8491887470341746,37800
context_prior_or_assist_ablation,all_subject_kfold,4,assist_full_extra_trees,0.7888624338624338,0.7598797498797498,0.7519366141298067,0.7418034492324753,0.5692909741150964,0.1516152545713043,0.33615189833086506,37800
context_prior_or_assist_ablation,all_subject_kfold,4,assist_tail_extra_trees,0.6507671957671958,0.8145550745550746,0.6666438147461601,0.7802136419172071,0.677101973804498,0.0347047758607041,0.43090318409923495,37800
context_prior_or_assist_ablation,all_subject_kfold,4,assist_prefix_extra_trees,0.5100529100529101,0.1671091871091871,0.17156888362177247,0.10971985506520719,1.7849820238612686,0.18225083947046378,0.7073267592618485,37800
user_decoder_adequacy,all_subject_kfold,4,lda,0.49843915343915346,0.12092833092833093,0.10937488962790766,0.04914401910884622,1.9007512640708026,0.06429059243826875,0.6880858099794356,37800
user_decoder_adequacy,all_subject_kfold,4,logreg,0.37277777777777776,0.18890331890331893,0.17992531922442348,0.14795450487726433,2.3309250916999833,0.2008484236850216,0.8616910642005113,37800
user_decoder_adequacy,all_subject_kfold,4,random_forest,0.48412698412698413,0.1864646464646465,0.18932254492792347,0.13374359298823374,1.820654890533905,0.1525971172626696,0.7189229657935624,37800
user_decoder_adequacy,all_subject_kfold,4,extra_trees,0.49648148148148147,0.1771091871091871,0.17863431879742653,0.12036618498486153,1.7986969575051301,0.16235121229742405,0.7116903603449576,37800
