audit,split,fold_id,condition,policy,tau,accuracy,balanced_accuracy,macro_f1,active_macro_f1,risk_coverage_auc,mean_cdc,expected_cdc,mean_cdc_all,candidate_cdc_all,intervention_rate,changed_vs_user_rate,n_test,threshold,budget_type,budget,dev_budget_value,test_budget_value,test_budget_gap,pareto
context_degradation,able_to_amputee,0,clean,CD-margin tau=0.00,0.0,0.3533650793650794,0.14305339105339107,0.12939858973761237,0.08773686241198858,0.7448747677812746,0.0,0.0,0.0,0.22032038015419048,0.0,0.0,63000,,,,,,,True
context_degradation,able_to_amputee,0,clean,CD-margin tau=0.01,0.01,0.35933333333333334,0.15172294372294373,0.13852194810021567,0.09824616404066831,0.7377306912620698,0.005166777129296437,5.667052375148949e-05,5.667052375148949e-05,0.22032038015419048,0.010968253968253969,0.010968253968253969,63000,,,,,,,True
context_degradation,able_to_amputee,0,clean,CD-margin tau=0.02,0.02,0.3671587301587302,0.16314574314574315,0.1509229995345334,0.11230192555380025,0.728417634960311,0.010335794038958556,0.00024051228668433715,0.00024051228668433715,0.22032038015419048,0.02326984126984127,0.02326984126984127,63000,,,,,,,True
context_degradation,able_to_amputee,0,clean,CD-margin tau=0.05,0.05,0.392031746031746,0.21078499278499277,0.20029746406462018,0.17079549510323938,0.7016932426528611,0.028365743279995866,0.0021625502376796846,0.0021625502376796846,0.22032038015419048,0.07623809523809524,0.07623809523809524,63000,,,,,,,True
context_degradation,able_to_amputee,0,clean,CD-margin tau=0.10,0.1,0.43084126984126986,0.337010101010101,0.3178342950072641,0.32333449352693633,0.6639092870418014,0.06122357809865631,0.014332148092047354,0.014332148092047354,0.22032038015419048,0.2340952380952381,0.2340952380952381,63000,,,,,,,True
context_degradation,able_to_amputee,0,clean,CD-margin tau=0.20,0.2,0.43284126984126986,0.5394256854256853,0.44036624916586986,0.5391539948707457,0.6373073356963593,0.10904542343392191,0.060402510183707514,0.060402510183707514,0.22032038015419048,0.5539206349206349,0.5539206349206349,63000,,,,,,,True
context_degradation,able_to_amputee,0,clean,CD-margin tau=0.50,0.5,0.47493650793650793,0.6490274170274171,0.5127376511219516,0.6479760174171567,0.6041962833511277,0.1464343807254406,0.10202524932638873,0.10202524932638873,0.22032038015419048,0.6967301587301588,0.6967301587301588,63000,,,,,,,True
context_degradation,able_to_amputee,0,clean,CD-margin tau=1.00,1.0,0.5003174603174603,0.6887849927849928,0.5368243156619404,0.6804221706226392,0.5637598791037042,0.26573082570191836,0.22032038015419048,0.22032038015419048,0.22032038015419048,0.8291111111111111,0.8291111111111111,63000,,,,,,,True
prospective_threshold,able_to_amputee,0,clean,ConfGate dev cdc<=0.05,,0.5124285714285715,0.5220519480519481,0.4468199942221139,0.49503439780993985,0.5515226430826404,0.34767645015977444,0.1579499631749667,0.1579499631749667,0.22032038015419048,0.4543015873015873,0.4543015873015873,63000,0.6133858826508153,cdc,0.05,0.04876666352248713,0.1579499631749667,0.1079499631749667,True
prospective_threshold,able_to_amputee,0,clean,ConfGate dev intervention<=0.10,,0.42603174603174604,0.271018759018759,0.2584391346290167,0.23913161234241437,0.6282857326327548,0.6026383308558761,0.10918276045061856,0.10918276045061856,0.22032038015419048,0.18117460317460318,0.18117460317460318,63000,0.826596843371615,intervention,0.1,0.0926984126984127,0.18117460317460318,0.08117460317460318,True
prospective_threshold,able_to_amputee,0,clean,ConfGate dev intervention<=0.25,,0.4905079365079365,0.4233131313131313,0.3836733997923727,0.3984050410297121,0.5641848692421003,0.41795729115286145,0.1357565087120794,0.1357565087120794,0.22032038015419048,0.3248095238095238,0.3248095238095238,63000,0.7009335331377052,intervention,0.25,0.24956349206349207,0.3248095238095238,0.07480952380952383,True
context_degradation,all_subject_kfold,0,clean,CD-margin tau=0.00,0.0,0.3218783068783069,0.1618566618566619,0.1536577241670505,0.12376155031693593,0.7479192116830098,0.0,0.0,0.0,0.0502006208285346,0.0,0.0,37800,,,,,,,True
context_degradation,all_subject_kfold,0,clean,CD-margin tau=0.01,0.01,0.4461904761904762,0.5823376623376624,0.4722928052204727,0.5874168090242962,0.5431123213709601,0.005086048925077497,0.0028160295754747866,0.0028160295754747866,0.0502006208285346,0.5536772486772487,0.5536772486772487,37800,,,,,,,True
context_degradation,all_subject_kfold,0,clean,CD-margin tau=0.02,0.02,0.4652910052910053,0.6811351611351611,0.5215733642355516,0.6801982622246577,0.5154347886445344,0.006739186520484201,0.004711903718250712,0.004711903718250712,0.0502006208285346,0.6991798941798942,0.6991798941798942,37800,,,,,,,True
context_degradation,all_subject_kfold,0,clean,CD-margin tau=0.05,0.05,0.4809259259259259,0.7057527657527658,0.5406093168915882,0.7043855147902843,0.5024980337494153,0.007566129393976863,0.0054976537019832935,0.0054976537019832935,0.0502006208285346,0.7266137566137566,0.7266137566137566,37800,,,,,,,True
context_degradation,all_subject_kfold,0,clean,CD-margin tau=0.10,0.1,0.4840740740740741,0.7093121693121692,0.5439262191361467,0.7078483322983847,0.5006960866809584,0.007888653903489357,0.005765186880526283,0.005765186880526283,0.0502006208285346,0.7308201058201058,0.7308201058201058,37800,,,,,,,True
context_degradation,all_subject_kfold,0,clean,CD-margin tau=0.20,0.2,0.4843650793650794,0.7096248196248195,0.5442075459135055,0.7081138015422538,0.5009187108684575,0.007978812402773006,0.005835298118377242,0.005835298118377242,0.0502006208285346,0.7313492063492063,0.7313492063492063,37800,,,,,,,True
context_degradation,all_subject_kfold,0,clean,CD-margin tau=0.50,0.5,0.4843915343915344,0.7096729196729197,0.5442430064924093,0.7081624975407631,0.5009826245409167,0.008004474271008373,0.005854489422501811,0.005854489422501811,0.0502006208285346,0.7314021164021164,0.7314021164021164,37800,,,,,,,True
prospective_threshold,all_subject_kfold,0,clean,ConfGate dev intervention<=0.10,,0.3689153439153439,0.21742183742183743,0.20565501205173156,0.1827515330928006,0.6217971886831726,0.40424010244299635,0.044733765833837404,0.044733765833837404,0.0502006208285346,0.11066137566137565,0.11066137566137565,37800,0.6632068344861889,intervention,0.1,0.09384353741496598,0.11066137566137565,0.01066137566137565,True
prospective_threshold,all_subject_kfold,0,clean,ConfGate dev intervention<=0.25,,0.44685185185185183,0.378085618085618,0.3353964271411166,0.3474802938765371,0.5265657173638142,0.1919757695430077,0.045703437833797,0.045703437833797,0.0502006208285346,0.23806878306878307,0.23806878306878307,37800,0.5556619465466139,intervention,0.25,0.23068027210884354,0.23806878306878307,-0.011931216931216931,True
context_degradation,all_subject_kfold,1,clean,CD-margin tau=0.00,0.0,0.32592592592592595,0.1699086099086099,0.15815235940701433,0.1316279783967683,0.7011633348460753,0.0,0.0,0.0,0.10087706079950383,0.0,0.0,37800,,,,,,,True
context_degradation,all_subject_kfold,1,clean,CD-margin tau=0.01,0.01,0.3454761904761905,0.1989177489177489,0.18451839573938142,0.16316572068315113,0.6629734969075974,0.00504765664576061,0.00017226129822833823,0.00017226129822833823,0.10087706079950383,0.034126984126984124,0.034126984126984124,37800,,,,,,,True
context_degradation,all_subject_kfold,1,clean,CD-margin tau=0.02,0.02,0.367010582010582,0.23681577681577684,0.2201198344786985,0.20649466547287465,0.6279631520516071,0.010611370049839754,0.0008028708556227963,0.0008028708556227963,0.10087706079950383,0.07566137566137567,0.07566137566137567,37800,,,,,,,True
context_degradation,all_subject_kfold,1,clean,CD-margin tau=0.05,0.05,0.4327513227513228,0.38461279461279463,0.34831317525755956,0.37331265097773014,0.5481288890943088,0.02855649511117728,0.00731741300653077,0.00731741300653077,0.10087706079950383,0.2562433862433862,0.2562433862433862,37800,,,,,,,True
context_degradation,all_subject_kfold,1,clean,CD-margin tau=0.10,0.1,0.4738624338624339,0.6006156806156807,0.4817453034146475,0.5956997853708074,0.5005908053838207,0.053367184198750715,0.03085131505584922,0.03085131505584922,0.10087706079950383,0.5780952380952381,0.5780952380952381,37800,,,,,,,True
context_degradation,all_subject_kfold,1,clean,CD-margin tau=0.20,0.2,0.4996825396825397,0.7156565656565657,0.5416836380429154,0.70324125327613,0.47226873311230516,0.0712269192402084,0.053602967503338844,0.053602967503338844,0.10087706079950383,0.7525661375661375,0.7525661375661375,37800,,,,,,,True
context_degradation,all_subject_kfold,1,clean,CD-margin tau=0.50,0.5,0.5164814814814814,0.7440355940355939,0.5625517356098806,0.7312150078771236,0.47129147754409284,0.08317371892132494,0.0660372923880107,0.0660372923880107,0.10087706079950383,0.793968253968254,0.793968253968254,37800,,,,,,,True
context_degradation,all_subject_kfold,1,clean,CD-margin tau=1.00,1.0,0.5263492063492063,0.7560461760461762,0.576050044986716,0.7462143345061104,0.44654102114186095,0.12086063068847051,0.10087706079950383,0.10087706079950383,0.10087706079950383,0.8346560846560847,0.8346560846560847,37800,,,,,,,True
prospective_threshold,all_subject_kfold,1,clean,ConfGate dev cdc<=0.02,,0.4745767195767196,0.4544684944684944,0.40078640669168913,0.43635949138725444,0.4627189406114735,0.17054118168345936,0.04418279873614067,0.04418279873614067,0.10087706079950383,0.25907407407407407,0.25907407407407407,37800,0.7315671848147292,cdc,0.02,0.01910827509713194,0.04418279873614067,0.02418279873614067,True
prospective_threshold,all_subject_kfold,1,clean,ConfGate dev cdc<=0.05,,0.528994708994709,0.693063973063973,0.5469695686231723,0.6803437173328925,0.43931792694933447,0.12850393023319798,0.08465281393483763,0.08465281393483763,0.10087706079950383,0.6587566137566138,0.6587566137566138,37800,0.4719126970778657,cdc,0.05,0.04951743092807774,0.08465281393483763,0.03465281393483763,True
prospective_threshold,all_subject_kfold,1,clean,ConfGate dev intervention<=0.10,,0.3996296296296296,0.2969023569023569,0.2764348535557075,0.2755960987548558,0.5522667818093586,0.25443831647548326,0.02958350266957007,0.02958350266957007,0.10087706079950383,0.11626984126984127,0.11626984126984127,37800,0.8520620400102912,intervention,0.1,0.09846938775510204,0.11626984126984127,0.016269841269841268,True
prospective_threshold,all_subject_kfold,1,clean,ConfGate dev intervention<=0.25,,0.4745767195767196,0.4544684944684944,0.40078640669168913,0.43635949138725444,0.4627189406114735,0.17054118168345936,0.04418279873614067,0.04418279873614067,0.10087706079950383,0.25907407407407407,0.25907407407407407,37800,0.7315671848147292,intervention,0.25,0.23360544217687074,0.25907407407407407,0.009074074074074068,True
context_degradation,all_subject_kfold,2,clean,CD-margin tau=0.00,0.0,0.27126984126984127,0.15992784992784992,0.14605677331497713,0.12646617638868013,0.8197533093025586,0.0,0.0,0.0,0.01687969891137515,0.0,0.0,37800,,,,,,,True
context_degradation,all_subject_kfold,2,clean,CD-margin tau=0.01,0.01,0.4113756613756614,0.5164838864838864,0.4133871318584789,0.5021154862092274,0.514750933137119,0.0051348281303509906,0.002435511469551929,0.002435511469551929,0.01687969891137515,0.4743121693121693,0.4743121693121693,37800,,,,,,,True
context_degradation,all_subject_kfold,2,clean,CD-margin tau=0.02,0.02,0.4395502645502645,0.6075372775372775,0.47342101250739754,0.5970143222463258,0.506819567375743,0.006980415723299967,0.004286492321937535,0.004286492321937535,0.01687969891137515,0.6140740740740741,0.6140740740740741,37800,,,,,,,True
context_degradation,all_subject_kfold,2,clean,CD-margin tau=0.05,0.05,0.45026455026455026,0.6265848965848965,0.4900988639967499,0.6226033086035954,0.6180272602398604,0.011040428066435928,0.007962251574579625,0.007962251574579625,0.01687969891137515,0.7211904761904762,0.7211904761904762,37800,,,,,,,True
context_degradation,all_subject_kfold,2,clean,CD-margin tau=0.10,0.1,0.45084656084656083,0.6278162578162578,0.49050717027065116,0.6246820473371053,0.6595898760993256,0.014582839857747916,0.011221842481009825,0.011221842481009825,0.01687969891137515,0.7695238095238095,0.7695238095238095,37800,,,,,,,True
prospective_threshold,all_subject_kfold,2,clean,ConfGate dev cdc<=0.02,,0.27126984126984127,0.15992784992784992,0.14605677331497713,0.12646617638868013,0.8197533093025586,0.0,0.0,0.0,0.01687969891137515,0.0,0.0,37800,inf,cdc,0.02,0.0,0.0,-0.02,True
prospective_threshold,all_subject_kfold,2,clean,ConfGate dev intervention<=0.10,,0.27126984126984127,0.15992784992784992,0.14605677331497713,0.12646617638868013,0.8197533093025586,0.0,0.0,0.0,0.01687969891137515,0.0,0.0,37800,inf,intervention,0.1,0.0,0.0,-0.1,True
prospective_threshold,all_subject_kfold,2,clean,ConfGate dev intervention<=0.25,,0.3353174603174603,0.27715728715728716,0.2345079264777949,0.2397634928753762,0.747127151475775,0.046361093650120325,0.012819210339445967,0.012819210339445967,0.01687969891137515,0.2765079365079365,0.2765079365079365,37800,0.4450004598946146,intervention,0.25,0.2454421768707483,0.2765079365079365,0.02650793650793648,True
context_degradation,all_subject_kfold,3,clean,CD-margin tau=0.00,0.0,0.3383862433862434,0.1768061568061568,0.1680915064208626,0.14016159826190944,0.6464218294894017,0.0,0.0,0.0,0.005855340539263281,0.0,0.0,37800,,,,,,,True
context_degradation,all_subject_kfold,3,clean,CD-margin tau=0.01,0.01,0.5160582010582011,0.6417941317941319,0.5225203777428751,0.6378739700188457,0.3880738820349592,0.005109120246797655,0.003226314822514816,0.003226314822514816,0.005855340539263281,0.6314814814814815,0.6314814814814815,37800,,,,,,,True
context_degradation,all_subject_kfold,3,clean,CD-margin tau=0.02,0.02,0.545952380952381,0.7601731601731602,0.5860948927013556,0.7463689593829329,0.3572484422036806,0.006678657900859158,0.005292041308109352,0.005292041308109352,0.005855340539263281,0.7923809523809524,0.7923809523809524,37800,,,,,,,True
context_degradation,all_subject_kfold,3,clean,CD-margin tau=0.05,0.05,0.5578306878306878,0.7798653198653199,0.6012288056091327,0.7655319321703353,0.3469872288142327,0.007127275215255534,0.0057762983126813045,0.0057762983126813045,0.005855340539263281,0.8104497354497354,0.8104497354497354,37800,,,,,,,True
context_degradation,all_subject_kfold,3,clean,CD-margin tau=0.10,0.1,0.5580952380952381,0.7803896103896104,0.6016372267403001,0.7660901993083232,0.34700099683809793,0.007167869026219587,0.005813558957826458,0.005813558957826458,0.005855340539263281,0.811058201058201,0.811058201058201,37800,,,,,,,True
context_degradation,all_subject_kfold,3,clean,CD-margin tau=0.20,0.2,0.5582010582010583,0.7804954304954305,0.6017423445605599,0.7661667798152204,0.34689082410084615,0.007192672714273238,0.005834817886520491,0.005834817886520491,0.005855340539263281,0.8112169312169312,0.8112169312169312,37800,,,,,,,True
prospective_threshold,all_subject_kfold,3,clean,ConfGate dev cdc<=0.02,,0.5638095238095238,0.770952380952381,0.6010654029537393,0.7576661137256326,0.3430887537295475,0.007167360677989248,0.005515644305873789,0.005515644305873789,0.005855340539263281,0.7695502645502645,0.7695502645502645,37800,0.33497558501972147,cdc,0.02,0.019822209515869056,0.005515644305873789,-0.014484355694126212,True
prospective_threshold,all_subject_kfold,3,clean,ConfGate dev cdc<=0.05,,0.5581481481481482,0.7804858104858106,0.6017068377629616,0.7661667798152204,0.34691985069397635,0.007206523393556508,0.005845672494529884,0.005845672494529884,0.005855340539263281,0.8111640211640212,0.8111640211640212,37800,0.23559293943283088,cdc,0.05,0.02052507062353815,0.005845672494529884,-0.04415432750547012,True
prospective_threshold,all_subject_kfold,3,clean,ConfGate dev intervention<=0.10,,0.3836772486772487,0.2566859066859067,0.24355887722460767,0.2339928947060597,0.5071033402522587,0.008847629379828975,0.0004543187467261386,0.0004543187467261386,0.005855340539263281,0.051349206349206346,0.051349206349206346,37800,0.7311321538296179,intervention,0.1,0.08476190476190476,0.051349206349206346,-0.04865079365079366,True
prospective_threshold,all_subject_kfold,3,clean,ConfGate dev intervention<=0.25,,0.4657671957671958,0.42373256373256374,0.3842398612583166,0.412624589380795,0.37442646267976876,0.007385520189641263,0.0013885950261317583,0.0013885950261317583,0.005855340539263281,0.18801587301587303,0.18801587301587303,37800,0.6151916477270527,intervention,0.25,0.22904761904761906,0.18801587301587303,-0.061984126984126975,True
context_degradation,all_subject_kfold,4,clean,CD-margin tau=0.00,0.0,0.37277777777777776,0.18890331890331893,0.17992531922442348,0.14795450487726433,0.576002508518842,0.0,0.0,0.0,0.13238798867639642,0.0,0.0,37800,,,,,,,True
context_degradation,all_subject_kfold,4,clean,CD-margin tau=0.01,0.01,0.38322751322751325,0.20543530543530544,0.19507982796346568,0.16618018443906873,0.5558651055220308,0.00513729761350139,9.146564269540835e-05,9.146564269540835e-05,0.13238798867639642,0.017804232804232805,0.017804232804232805,37800,,,,,,,True
context_degradation,all_subject_kfold,4,clean,CD-margin tau=0.02,0.02,0.39404761904761904,0.2227272727272727,0.21154065026392077,0.18576398108516423,0.5381414106485165,0.010382273645881752,0.00038205668363548983,0.00038205668363548983,0.13238798867639642,0.036798941798941796,0.036798941798941796,37800,,,,,,,True
context_degradation,all_subject_kfold,4,clean,CD-margin tau=0.05,0.05,0.43346560846560844,0.29257816257816255,0.27794626637508363,0.26581356104066256,0.48487622954830445,0.027577614578159857,0.0030809594276076475,0.0030809594276076475,0.13238798867639642,0.11171957671957672,0.11171957671957672,37800,,,,,,,True
context_degradation,all_subject_kfold,4,clean,CD-margin tau=0.10,0.1,0.49952380952380954,0.438051948051948,0.40554555140872517,0.42764312808771715,0.4243353348443887,0.05694532707377274,0.016045626419649562,0.016045626419649562,0.13238798867639642,0.2817724867724868,0.2817724867724868,37800,,,,,,,True
context_degradation,all_subject_kfold,4,clean,CD-margin tau=0.20,0.2,0.5542592592592592,0.6488263588263589,0.5469945178616032,0.640345890511418,0.38097167597723447,0.10150207294032688,0.058218688979344645,0.058218688979344645,0.13238798867639642,0.5735714285714286,0.5735714285714286,37800,,,,,,,True
context_degradation,all_subject_kfold,4,clean,CD-margin tau=0.50,0.5,0.5645767195767196,0.7796200096200097,0.6007014178814791,0.7556411036343096,0.35819157166511445,0.14869966458465783,0.11450267558374695,0.11450267558374695,0.13238798867639642,0.7700264550264551,0.7700264550264551,37800,,,,,,,True
context_degradation,all_subject_kfold,4,clean,CD-margin tau=1.00,1.0,0.5727248677248677,0.7988936988936988,0.6121761664752043,0.7727588487379392,0.33430975635257915,0.16664222350875074,0.13238798867639642,0.13238798867639642,0.13238798867639642,0.7944444444444444,0.7944444444444444,37800,,,,,,,True
prospective_threshold,all_subject_kfold,4,clean,ConfGate dev cdc<=0.02,,0.5216137566137566,0.4650553150553151,0.4213781980444894,0.4436930274893393,0.32854405531551106,0.1668316391064735,0.032051094264317743,0.032051094264317743,0.13238798867639642,0.19211640211640213,0.19211640211640213,37800,0.774309184478697,cdc,0.02,0.019535333554045343,0.032051094264317743,0.012051094264317743,True
prospective_threshold,all_subject_kfold,4,clean,ConfGate dev cdc<=0.05,,0.5606878306878307,0.6082202982202982,0.5070036192125849,0.5727962134887712,0.31120302675799416,0.16366528623443594,0.06020977434857318,0.06020977434857318,0.13238798867639642,0.36788359788359787,0.36788359788359787,37800,0.6451696129742037,cdc,0.05,0.04749713392208458,0.06020977434857318,0.010209774348573175,True
prospective_threshold,all_subject_kfold,4,clean,ConfGate dev intervention<=0.10,,0.4861640211640212,0.39341510341510344,0.3636250949169936,0.3718204063685812,0.36429157078284713,0.17538666497559896,0.023403448098860344,0.023403448098860344,0.13238798867639642,0.13343915343915344,0.13343915343915344,37800,0.8276045538167033,intervention,0.1,0.09207482993197279,0.13343915343915344,0.033439153439153435,True
prospective_threshold,all_subject_kfold,4,clean,ConfGate dev intervention<=0.25,,0.5465608465608466,0.5364309764309766,0.46918904358627456,0.5106325431665867,0.3139214588174578,0.16208817677141696,0.04375523163427351,0.04375523163427351,0.13238798867639642,0.26994708994708994,0.26994708994708994,37800,0.7156241111408103,intervention,0.25,0.2329251700680272,0.26994708994708994,0.019947089947089935,True
context_degradation,amputee_loso,0,clean,CD-margin tau=0.00,0.0,0.41595238095238096,0.14887445887445885,0.12601197412773024,0.06738259423524516,0.6246895781579684,0.0,0.0,0.0,0.008933979834741701,0.0,0.0,4200,,,,,,,True
context_degradation,amputee_loso,0,clean,CD-margin tau=0.01,0.01,0.5295238095238095,0.44147186147186146,0.4013106436180749,0.40351982341296044,0.4008164142973615,0.00569128981256352,0.001977045675364327,0.001977045675364327,0.008933979834741701,0.3473809523809524,0.3473809523809524,4200,,,,,,,True
context_degradation,amputee_loso,0,clean,CD-margin tau=0.02,0.02,0.5966666666666667,0.7221212121212122,0.5894821974453305,0.6857411495184238,0.31555836108413915,0.00987886986739351,0.006651772377378296,0.006651772377378296,0.008933979834741701,0.6733333333333333,0.6733333333333333,4200,,,,,,,True
context_degradation,amputee_loso,0,clean,CD-margin tau=0.05,0.05,0.625,0.7977922077922077,0.6417993183493017,0.7635283799274323,0.2938108006091122,0.011670799388280535,0.008894816390925238,0.008894816390925238,0.008933979834741701,0.7621428571428571,0.7621428571428571,4200,,,,,,,True
context_degradation,amputee_loso,0,clean,CD-margin tau=0.10,0.1,0.6254761904761905,0.7986580086580086,0.642616578779302,0.7646442579559711,0.29385343136397724,0.011711209521196989,0.008933979834741701,0.008933979834741701,0.008933979834741701,0.7628571428571429,0.7628571428571429,4200,,,,,,,True
context_degradation,amputee_loso,0,clean,CD-margin tau=0.20,0.2,0.6254761904761905,0.7986580086580086,0.642616578779302,0.7646442579559711,0.29385343136397724,0.011711209521196989,0.008933979834741701,0.008933979834741701,0.008933979834741701,0.7628571428571429,0.7628571428571429,4200,,,,,,,True
context_degradation,amputee_loso,0,clean,CD-margin tau=0.50,0.5,0.6254761904761905,0.7986580086580086,0.642616578779302,0.7646442579559711,0.29385343136397724,0.011711209521196989,0.008933979834741701,0.008933979834741701,0.008933979834741701,0.7628571428571429,0.7628571428571429,4200,,,,,,,True
context_degradation,amputee_loso,0,clean,CD-margin tau=1.00,1.0,0.6254761904761905,0.7986580086580086,0.642616578779302,0.7646442579559711,0.29385343136397724,0.011711209521196989,0.008933979834741701,0.008933979834741701,0.008933979834741701,0.7628571428571429,0.7628571428571429,4200,,,,,,,True
prospective_threshold,amputee_loso,0,clean,ConfGate dev cdc<=0.02,,0.6254761904761905,0.7986580086580086,0.642616578779302,0.7646442579559711,0.29385343136397724,0.011711209521196989,0.008933979834741701,0.008933979834741701,0.008933979834741701,0.7628571428571429,0.7628571428571429,4200,0.24118479111044436,cdc,0.02,0.016371950395348486,0.008933979834741701,-0.0110660201652583,True
prospective_threshold,amputee_loso,0,clean,ConfGate dev cdc<=0.05,,0.6254761904761905,0.7986580086580086,0.642616578779302,0.7646442579559711,0.29385343136397724,0.011711209521196989,0.008933979834741701,0.008933979834741701,0.008933979834741701,0.7628571428571429,0.7628571428571429,4200,0.24118479111044436,cdc,0.05,0.016371950395348486,0.008933979834741701,-0.0410660201652583,True
prospective_threshold,amputee_loso,0,clean,ConfGate dev intervention<=0.10,,0.49238095238095236,0.2812121212121212,0.26915978416671354,0.2261976831171989,0.419499742072307,0.010346970372906716,0.0008622475310755597,0.0008622475310755597,0.008933979834741701,0.08333333333333333,0.08333333333333333,4200,0.8151551705433481,intervention,0.1,0.08563492063492063,0.08333333333333333,-0.016666666666666677,True
prospective_threshold,amputee_loso,0,clean,ConfGate dev intervention<=0.25,,0.5933333333333334,0.4768398268398268,0.4494487431992579,0.430879432967753,0.28439242379736723,0.01044485319386174,0.0023650131874672652,0.0023650131874672652,0.008933979834741701,0.22642857142857142,0.22642857142857142,4200,0.6832021450903237,intervention,0.25,0.2388095238095238,0.22642857142857142,-0.023571428571428577,True
context_degradation,amputee_loso,1,clean,CD-margin tau=0.00,0.0,0.3530952380952381,0.12341991341991342,0.10040979300828944,0.05339883435020359,0.7530924059662467,0.0,0.0,0.0,0.013420407616516944,0.0,0.0,4200,,,,,,,True
context_degradation,amputee_loso,1,clean,CD-margin tau=0.01,0.01,0.40190476190476193,0.4326839826839828,0.38070941182044393,0.44514405869261464,0.5364961020325527,0.005654852903343366,0.00269951906457225,0.00269951906457225,0.013420407616516944,0.4773809523809524,0.4773809523809524,4200,,,,,,,True
context_degradation,amputee_loso,1,clean,CD-margin tau=0.02,0.02,0.43976190476190474,0.5845021645021645,0.4692682353646924,0.5858281573847862,0.474588233505174,0.007913681111288562,0.005313471603293749,0.005313471603293749,0.013420407616516944,0.6714285714285714,0.6714285714285714,4200,,,,,,,True
context_degradation,amputee_loso,1,clean,CD-margin tau=0.05,0.05,0.51,0.7005194805194805,0.5480991200003683,0.6925203321020679,0.4149326126013867,0.011437009905021396,0.009016176141791864,0.009016176141791864,0.013420407616516944,0.7883333333333333,0.7883333333333333,4200,,,,,,,True
context_degradation,amputee_loso,1,clean,CD-margin tau=0.10,0.1,0.5447619047619048,0.7496969696969696,0.5828034526172274,0.7367396900018796,0.3919536880602769,0.014541161976233551,0.012152256794423753,0.012152256794423753,0.013420407616516944,0.8357142857142857,0.8357142857142857,4200,,,,,,,True
context_degradation,amputee_loso,1,clean,CD-margin tau=0.20,0.2,0.5521428571428572,0.7525974025974026,0.5870988050384542,0.7381664766395327,0.3846374397246172,0.015828804289105717,0.013371570861368354,0.013371570861368354,0.013420407616516944,0.8447619047619047,0.8447619047619047,4200,,,,,,,True
prospective_threshold,amputee_loso,1,clean,ConfGate dev cdc<=0.02,,0.3530952380952381,0.12341991341991342,0.10040979300828944,0.05339883435020359,0.7530924059662467,0.0,0.0,0.0,0.013420407616516944,0.0,0.0,4200,0.6131663737928978,cdc,0.02,0.0031003590618648414,0.0,-0.02,True
prospective_threshold,amputee_loso,1,clean,ConfGate dev cdc<=0.05,,0.3530952380952381,0.12341991341991342,0.10040979300828944,0.05339883435020359,0.7530924059662467,0.0,0.0,0.0,0.013420407616516944,0.0,0.0,4200,0.6131663737928978,cdc,0.05,0.0031003590618648414,0.0,-0.05,True
prospective_threshold,amputee_loso,1,clean,ConfGate dev intervention<=0.10,,0.3530952380952381,0.12341991341991342,0.10040979300828944,0.05339883435020359,0.7530924059662467,0.0,0.0,0.0,0.013420407616516944,0.0,0.0,4200,0.6131663737928978,intervention,0.1,0.005396825396825397,0.0,-0.1,True
prospective_threshold,amputee_loso,1,clean,ConfGate dev intervention<=0.25,,0.3530952380952381,0.12341991341991342,0.10040979300828944,0.05339883435020359,0.7530924059662467,0.0,0.0,0.0,0.013420407616516944,0.0,0.0,4200,0.6131663737928978,intervention,0.25,0.005396825396825397,0.0,-0.25,True
context_degradation,amputee_loso,2,clean,CD-margin tau=0.00,0.0,0.32,0.147012987012987,0.1321498462312485,0.09176974098651747,0.6655261739741687,0.0,0.0,0.0,0.06051516666169579,0.0,0.0,4200,,,,,,,True
context_degradation,amputee_loso,2,clean,CD-margin tau=0.01,0.01,0.3435714285714286,0.17935064935064934,0.15867556879218322,0.12310607388969035,0.603455423183686,0.0054413432993567525,0.0002526337960415635,0.0002526337960415635,0.06051516666169579,0.04642857142857143,0.04642857142857143,4200,,,,,,,True
context_degradation,amputee_loso,2,clean,CD-margin tau=0.02,0.02,0.3645238095238095,0.2162770562770563,0.19348451346089826,0.1664374575421446,0.5646190678191533,0.010524532212884434,0.001002336401227089,0.001002336401227089,0.06051516666169579,0.09523809523809523,0.09523809523809523,4200,,,,,,,True
context_degradation,amputee_loso,2,clean,CD-margin tau=0.05,0.05,0.435952380952381,0.38822510822510825,0.34043337291060305,0.3605666503664069,0.4732610952901815,0.02827597493050417,0.009162762352480041,0.009162762352480041,0.06051516666169579,0.32404761904761903,0.32404761904761903,4200,,,,,,,True
context_degradation,amputee_loso,2,clean,CD-margin tau=0.10,0.1,0.48428571428571426,0.610909090909091,0.4904162886702419,0.5990670188073477,0.4160955245686645,0.05072631501529292,0.03312911478260678,0.03312911478260678,0.06051516666169579,0.6530952380952381,0.6530952380952381,4200,,,,,,,True
context_degradation,amputee_loso,2,clean,CD-margin tau=0.20,0.2,0.5366666666666666,0.7490043290043289,0.5772886233058031,0.7319590012973612,0.3558218346917112,0.06495408392371352,0.05176221878396885,0.05176221878396885,0.06051516666169579,0.7969047619047619,0.7969047619047619,4200,,,,,,,True
context_degradation,amputee_loso,2,clean,CD-margin tau=0.50,0.5,0.5535714285714286,0.7812987012987013,0.6002638265971056,0.7643053236851336,0.33996300702341253,0.07040112352354479,0.05767863477250419,0.05767863477250419,0.06051516666169579,0.8192857142857143,0.8192857142857143,4200,,,,,,,True
context_degradation,amputee_loso,2,clean,CD-margin tau=1.00,1.0,0.5571428571428572,0.7877922077922078,0.604950274559582,0.7712492104540761,0.3284974325100697,0.07354273726247752,0.06051516666169579,0.06051516666169579,0.06051516666169579,0.8228571428571428,0.8228571428571428,4200,,,,,,,True
prospective_threshold,amputee_loso,2,clean,ConfGate dev cdc<=0.02,,0.5004761904761905,0.4891774891774892,0.4378638451770247,0.4705526149351529,0.32918611371581485,0.08698355214764925,0.021911570993384023,0.021911570993384023,0.06051516666169579,0.2519047619047619,0.2519047619047619,4200,0.7515502275797071,cdc,0.02,0.01946460238342418,0.021911570993384023,0.0019115709933840222,True
prospective_threshold,amputee_loso,2,clean,ConfGate dev cdc<=0.05,,0.5661904761904762,0.7173593073593073,0.5745586309766487,0.6971677834324713,0.3128367516657842,0.07667385928398752,0.047811627967800786,0.047811627967800786,0.06051516666169579,0.6235714285714286,0.6235714285714286,4200,0.49979214139936745,cdc,0.05,0.04885335575473974,0.047811627967800786,-0.0021883720321992164,True
prospective_threshold,amputee_loso,2,clean,ConfGate dev intervention<=0.10,,0.4076190476190476,0.3032034632034632,0.29240667180748475,0.2830519069513927,0.4380934738115547,0.10791507430008625,0.00994360327479366,0.00994360327479366,0.06051516666169579,0.09214285714285714,0.09214285714285714,4200,0.8662940783501664,intervention,0.1,0.0946031746031746,0.09214285714285714,-0.007857142857142868,True
prospective_threshold,amputee_loso,2,clean,ConfGate dev intervention<=0.25,,0.5004761904761905,0.4891774891774892,0.4378638451770247,0.4705526149351529,0.32918611371581485,0.08698355214764925,0.021911570993384023,0.021911570993384023,0.06051516666169579,0.2519047619047619,0.2519047619047619,4200,0.7515502275797071,intervention,0.25,0.23714285714285716,0.2519047619047619,0.001904761904761909,True
context_degradation,amputee_loso,3,clean,CD-margin tau=0.00,0.0,0.3678571428571429,0.15532467532467534,0.14446385294870404,0.09904478321276368,0.6679319261393732,0.0,0.0,0.0,0.0055550379168179745,0.0,0.0,4200,,,,,,,True
context_degradation,amputee_loso,3,clean,CD-margin tau=0.01,0.01,0.475,0.6033766233766233,0.4702894057853715,0.5772262864175101,0.4358839919503097,0.004973037235891005,0.0032762842932643832,0.0032762842932643832,0.0055550379168179745,0.6588095238095238,0.6588095238095238,4200,,,,,,,True
context_degradation,amputee_loso,3,clean,CD-margin tau=0.02,0.02,0.5240476190476191,0.7264502164502166,0.5499505338816479,0.6973796842960371,0.3796449097128863,0.0062429088995720715,0.004876900976070468,0.004876900976070468,0.0055550379168179745,0.7811904761904762,0.7811904761904762,4200,,,,,,,True
context_degradation,amputee_loso,3,clean,CD-margin tau=0.05,0.05,0.5492857142857143,0.7723376623376623,0.5829543853387147,0.7413128515551929,0.34913984474326115,0.006874236667836033,0.0055550379168179745,0.0055550379168179745,0.0055550379168179745,0.8080952380952381,0.8080952380952381,4200,,,,,,,True
context_degradation,amputee_loso,3,clean,CD-margin tau=0.10,0.1,0.5492857142857143,0.7723376623376623,0.5829543853387147,0.7413128515551929,0.34913984474326115,0.006874236667836033,0.0055550379168179745,0.0055550379168179745,0.0055550379168179745,0.8080952380952381,0.8080952380952381,4200,,,,,,,True
context_degradation,amputee_loso,3,clean,CD-margin tau=0.20,0.2,0.5492857142857143,0.7723376623376623,0.5829543853387147,0.7413128515551929,0.34913984474326115,0.006874236667836033,0.0055550379168179745,0.0055550379168179745,0.0055550379168179745,0.8080952380952381,0.8080952380952381,4200,,,,,,,True
context_degradation,amputee_loso,3,clean,CD-margin tau=0.50,0.5,0.5492857142857143,0.7723376623376623,0.5829543853387147,0.7413128515551929,0.34913984474326115,0.006874236667836033,0.0055550379168179745,0.0055550379168179745,0.0055550379168179745,0.8080952380952381,0.8080952380952381,4200,,,,,,,True
context_degradation,amputee_loso,3,clean,CD-margin tau=1.00,1.0,0.5492857142857143,0.7723376623376623,0.5829543853387147,0.7413128515551929,0.34913984474326115,0.006874236667836033,0.0055550379168179745,0.0055550379168179745,0.0055550379168179745,0.8080952380952381,0.8080952380952381,4200,,,,,,,True
prospective_threshold,amputee_loso,3,clean,ConfGate dev cdc<=0.02,,0.5254761904761904,0.4617748917748917,0.3944579765656457,0.40554415225691415,0.3385558528138714,0.00854174152976886,0.0019137568522648806,0.0019137568522648806,0.0055550379168179745,0.22404761904761905,0.22404761904761905,4200,0.6210408640645979,cdc,0.02,0.019623271736111697,0.0019137568522648806,-0.01808624314773512,True
prospective_threshold,amputee_loso,3,clean,ConfGate dev cdc<=0.05,,0.5492857142857143,0.7723376623376623,0.5829543853387147,0.7413128515551929,0.34913984474326115,0.006874236667836033,0.0055550379168179745,0.0055550379168179745,0.0055550379168179745,0.8080952380952381,0.8080952380952381,4200,0.2460950168488808,cdc,0.05,0.031758192780923754,0.0055550379168179745,-0.04444496208318203,True
prospective_threshold,amputee_loso,3,clean,ConfGate dev intervention<=0.10,,0.39,0.1948051948051948,0.17206643478430672,0.136283717058965,0.5781424639604172,0.012846814877120825,0.00031811160648108713,0.00031811160648108713,0.0055550379168179745,0.024761904761904763,0.024761904761904763,4200,0.7928757248001819,intervention,0.1,0.08793650793650794,0.024761904761904763,-0.07523809523809524,True
prospective_threshold,amputee_loso,3,clean,ConfGate dev intervention<=0.25,,0.490952380952381,0.38264069264069267,0.33139879951668,0.3257981307166448,0.37849822222215956,0.009195780173626506,0.0014275353983820192,0.0014275353983820192,0.0055550379168179745,0.15523809523809523,0.15523809523809523,4200,0.6574085874335241,intervention,0.25,0.23507936507936508,0.15523809523809523,-0.09476190476190477,True
context_degradation,amputee_loso,4,clean,CD-margin tau=0.00,0.0,0.21523809523809523,0.0738095238095238,0.06677335648229,0.037205672660538945,0.7631600597413275,0.0,0.0,0.0,0.19455942342361265,0.0,0.0,4200,,,,,,,True
context_degradation,amputee_loso,4,clean,CD-margin tau=0.01,0.01,0.2180952380952381,0.07978354978354978,0.07315404125673289,0.04534209326951366,0.7593317265077719,0.005133752817189841,6.233842706587665e-05,6.233842706587665e-05,0.19455942342361265,0.012142857142857143,0.012142857142857143,4200,,,,,,,True
context_degradation,amputee_loso,4,clean,CD-margin tau=0.02,0.02,0.2219047619047619,0.08748917748917749,0.07982715908776895,0.05393896182736851,0.751758830607051,0.009969062253672955,0.0002421057975892003,0.0002421057975892003,0.19455942342361265,0.024285714285714285,0.024285714285714285,4200,,,,,,,True
context_degradation,amputee_loso,4,clean,CD-margin tau=0.05,0.05,0.23904761904761904,0.12255411255411253,0.11278208411273978,0.09752414157686862,0.7210864768685141,0.02774977862621291,0.002094447577264165,0.002094447577264165,0.19455942342361265,0.07547619047619047,0.07547619047619047,4200,,,,,,,True
context_degradation,amputee_loso,4,clean,CD-margin tau=0.10,0.1,0.2873809523809524,0.2201731601731602,0.20532575210708473,0.2178067356880239,0.6542859000398205,0.058931953253957094,0.012179270339151133,0.012179270339151133,0.19455942342361265,0.20666666666666667,0.20666666666666667,4200,,,,,,,True
context_degradation,amputee_loso,4,clean,CD-margin tau=0.20,0.2,0.3585714285714286,0.41311688311688316,0.35818925022850134,0.4461010682389999,0.5735391401486075,0.11071882881101078,0.05506943652052417,0.05506943652052417,0.19455942342361265,0.49738095238095237,0.49738095238095237,4200,,,,,,,True
context_degradation,amputee_loso,4,clean,CD-margin tau=0.50,0.5,0.43547619047619046,0.6094372294372294,0.47977150986129735,0.6424516327029314,0.5044663336781394,0.17875398740423304,0.13861946118466356,0.13861946118466356,0.19455942342361265,0.7754761904761904,0.7754761904761904,4200,,,,,,,True
context_degradation,amputee_loso,4,clean,CD-margin tau=1.00,1.0,0.4742857142857143,0.6979220779220779,0.5290583739061185,0.7144008409898278,0.44886921236135535,0.22667117292071376,0.19455942342361265,0.19455942342361265,0.19455942342361265,0.8583333333333333,0.8583333333333333,4200,,,,,,,True
prospective_threshold,amputee_loso,4,clean,ConfGate dev cdc<=0.02,,0.2897619047619048,0.22683982683982684,0.22518101480987285,0.23286524178079418,0.5854157502706485,0.24864639113697523,0.032087224761009656,0.032087224761009656,0.19455942342361265,0.12904761904761905,0.12904761904761905,4200,0.8162472545659425,cdc,0.02,0.01714325525153575,0.032087224761009656,0.012087224761009655,True
prospective_threshold,amputee_loso,4,clean,ConfGate dev cdc<=0.05,,0.3692857142857143,0.44272727272727275,0.36791574481850053,0.45122218173234674,0.4936961396377919,0.22017954757351013,0.08681365018612686,0.08681365018612686,0.19455942342361265,0.3942857142857143,0.3942857142857143,4200,0.6576214444168486,cdc,0.05,0.04786482684646727,0.08681365018612686,0.03681365018612685,True
prospective_threshold,amputee_loso,4,clean,ConfGate dev intervention<=0.10,,0.2642857142857143,0.1707792207792208,0.17769407930406766,0.16968402112873002,0.6294397990184686,0.2783386047710835,0.019549973430349917,0.019549973430349917,0.19455942342361265,0.07023809523809524,0.07023809523809524,4200,0.8617144434594746,intervention,0.1,0.08365079365079366,0.07023809523809524,-0.029761904761904767,True
prospective_threshold,amputee_loso,4,clean,ConfGate dev intervention<=0.25,,0.33904761904761904,0.3577489177489177,0.31569593016016406,0.3677422484660498,0.5219280708429017,0.2200332286877997,0.06160930403258392,0.06160930403258392,0.19455942342361265,0.28,0.28,4200,0.7275000839397308,intervention,0.25,0.23063492063492064,0.28,0.030000000000000027,True
context_degradation,amputee_loso,5,clean,CD-margin tau=0.00,0.0,0.15642857142857142,0.13324675324675325,0.10342588457583636,0.1050256157634628,0.8835767424433167,0.0,0.0,0.0,0.014653872098660063,0.0,0.0,4200,,,,,,,True
context_degradation,amputee_loso,5,clean,CD-margin tau=0.01,0.01,0.35904761904761906,0.5082683982683983,0.39760169352036406,0.5080421673327672,0.4984232791074291,0.0053235054574194305,0.002588237653345352,0.002588237653345352,0.014653872098660063,0.4861904761904762,0.4861904761904762,4200,,,,,,,True
context_degradation,amputee_loso,5,clean,CD-margin tau=0.02,0.02,0.4607142857142857,0.6837662337662338,0.5229719906783606,0.6785054604787092,0.4162710177216721,0.0077630792515803616,0.005325102696143577,0.005325102696143577,0.014653872098660063,0.685952380952381,0.685952380952381,4200,,,,,,,True
context_degradation,amputee_loso,5,clean,CD-margin tau=0.05,0.05,0.5283333333333333,0.7611255411255411,0.5815629981914135,0.7483804719213445,0.3774206046583004,0.010946423937465562,0.008660706367666205,0.008660706367666205,0.014653872098660063,0.7911904761904762,0.7911904761904762,4200,,,,,,,True
context_degradation,amputee_loso,5,clean,CD-margin tau=0.10,0.1,0.5664285714285714,0.7809090909090909,0.6053619300455548,0.7642101646904053,0.3538019086268086,0.014599604427612323,0.012319285259870971,0.012319285259870971,0.014653872098660063,0.8438095238095238,0.8438095238095238,4200,,,,,,,True
prospective_threshold,amputee_loso,5,clean,ConfGate dev cdc<=0.02,,0.15642857142857142,0.13324675324675325,0.10342588457583636,0.1050256157634628,0.8835767424433167,0.0,0.0,0.0,0.014653872098660063,0.0,0.0,4200,inf,cdc,0.02,0.0,0.0,-0.02,True
prospective_threshold,amputee_loso,5,clean,ConfGate dev cdc<=0.05,,0.15642857142857142,0.13324675324675325,0.10342588457583636,0.1050256157634628,0.8835767424433167,0.0,0.0,0.0,0.014653872098660063,0.0,0.0,4200,inf,cdc,0.05,0.0,0.0,-0.05,True
prospective_threshold,amputee_loso,5,clean,ConfGate dev intervention<=0.10,,0.15642857142857142,0.13324675324675325,0.10342588457583636,0.1050256157634628,0.8835767424433167,0.0,0.0,0.0,0.014653872098660063,0.0,0.0,4200,inf,intervention,0.1,0.0,0.0,-0.1,True
prospective_threshold,amputee_loso,5,clean,ConfGate dev intervention<=0.25,,0.15642857142857142,0.13324675324675325,0.10342588457583636,0.1050256157634628,0.8835767424433167,0.0,0.0,0.0,0.014653872098660063,0.0,0.0,4200,inf,intervention,0.25,0.0,0.0,-0.25,True
context_degradation,amputee_loso,6,clean,CD-margin tau=0.00,0.0,0.36833333333333335,0.17021645021645024,0.13320504707843994,0.08805354603234417,0.6730491035881065,0.0,0.0,0.0,0.037955509369043815,0.0,0.0,4200,,,,,,,True
context_degradation,amputee_loso,6,clean,CD-margin tau=0.01,0.01,0.38666666666666666,0.22458874458874456,0.18652574914688091,0.15159765110498974,0.61759953228631,0.0058583114109724286,0.00044355786397362677,0.00044355786397362677,0.037955509369043815,0.07571428571428572,0.07571428571428572,4200,,,,,,,True
context_degradation,amputee_loso,6,clean,CD-margin tau=0.02,0.02,0.40166666666666667,0.31419913419913426,0.27799509166325387,0.2708621328595415,0.5754354181786432,0.011927041545953579,0.0024876400938703175,0.0024876400938703175,0.037955509369043815,0.20857142857142857,0.20857142857142857,4200,,,,,,,True
context_degradation,amputee_loso,6,clean,CD-margin tau=0.05,0.05,0.3773809523809524,0.5513419913419914,0.4092021588092274,0.5450377341066301,0.5310519988086574,0.02666674497895836,0.017092113686513314,0.017092113686513314,0.037955509369043815,0.6409523809523809,0.6409523809523809,4200,,,,,,,True
context_degradation,amputee_loso,6,clean,CD-margin tau=0.10,0.1,0.4104761904761905,0.6843722943722944,0.48066533947167367,0.6840354641902973,0.47245522131268247,0.034910231459946005,0.028194167883842106,0.028194167883842106,0.037955509369043815,0.8076190476190476,0.8076190476190476,4200,,,,,,,True
context_degradation,amputee_loso,6,clean,CD-margin tau=0.20,0.2,0.43833333333333335,0.7393073593073592,0.5160306279189842,0.7385493274490886,0.4402223070114259,0.04033704640112818,0.03446896655563073,0.03446896655563073,0.037955509369043815,0.8545238095238096,0.8545238095238096,4200,,,,,,,True
context_degradation,amputee_loso,6,clean,CD-margin tau=0.50,0.5,0.445,0.7522077922077922,0.5240234988064018,0.7508892015978006,0.43258069106230446,0.042758926117309096,0.036955929001388575,0.036955929001388575,0.037955509369043815,0.8642857142857143,0.8642857142857143,4200,,,,,,,True
context_degradation,amputee_loso,6,clean,CD-margin tau=1.00,1.0,0.44595238095238093,0.7539393939393939,0.524984186199864,0.7522832430643324,0.43193808370898606,0.043842997621007705,0.037955509369043815,0.037955509369043815,0.037955509369043815,0.8657142857142858,0.8657142857142858,4200,,,,,,,True
prospective_threshold,amputee_loso,6,clean,ConfGate dev cdc<=0.02,,0.5007142857142857,0.5780519480519479,0.46998272681453074,0.5542884054055349,0.39342603118447395,0.049540571931450304,0.020901403205364273,0.020901403205364273,0.037955509369043815,0.4219047619047619,0.4219047619047619,4200,0.602671737889963,cdc,0.02,0.01931458136823816,0.020901403205364273,0.0009014032053642727,True
prospective_threshold,amputee_loso,6,clean,ConfGate dev cdc<=0.05,,0.44595238095238093,0.7539393939393939,0.524984186199864,0.7522832430643324,0.43193808370898606,0.043842997621007705,0.037955509369043815,0.037955509369043815,0.037955509369043815,0.8657142857142858,0.8657142857142858,4200,0.26394058545868915,cdc,0.05,0.03963877816676551,0.037955509369043815,-0.012044490630956188,True
prospective_threshold,amputee_loso,6,clean,ConfGate dev intervention<=0.10,,0.44452380952380954,0.31108225108225107,0.2917223785018407,0.26693526778174903,0.45952914674275047,0.08016366904001156,0.007310163152934387,0.007310163152934387,0.037955509369043815,0.0911904761904762,0.0911904761904762,4200,0.8123767126556306,intervention,0.1,0.08087301587301587,0.0911904761904762,-0.008809523809523809,True
prospective_threshold,amputee_loso,6,clean,ConfGate dev intervention<=0.25,,0.4911904761904762,0.45437229437229437,0.40643586010457344,0.42619437394748144,0.3938592099426208,0.05579226972426819,0.013363576986336622,0.013363576986336622,0.037955509369043815,0.23952380952380953,0.23952380952380953,4200,0.7024196568148461,intervention,0.25,0.2315079365079365,0.23952380952380953,-0.010476190476190472,True
context_degradation,amputee_loso,7,clean,CD-margin tau=0.00,0.0,0.05,0.09090909090909091,0.008658008658008658,0.01818181818181818,0.9856505961208244,0.0,0.0,0.0,0.9997606084318674,0.0,0.0,4200,,,,,,,True
context_degradation,amputee_loso,7,clean,CD-margin tau=0.01,0.01,0.05,0.09090909090909091,0.008658008658008658,0.01818181818181818,0.9856505961208244,0.0,0.0,0.0,0.9997606084318674,0.0,0.0,4200,,,,,,,True
context_degradation,amputee_loso,7,clean,CD-margin tau=0.02,0.02,0.05,0.09090909090909091,0.008658008658008658,0.01818181818181818,0.9856505961208244,0.0,0.0,0.0,0.9997606084318674,0.0,0.0,4200,,,,,,,True
context_degradation,amputee_loso,7,clean,CD-margin tau=0.05,0.05,0.05,0.09090909090909091,0.008658008658008658,0.01818181818181818,0.9856505961208244,0.0,0.0,0.0,0.9997606084318674,0.0,0.0,4200,,,,,,,True
context_degradation,amputee_loso,7,clean,CD-margin tau=0.10,0.1,0.05,0.09090909090909091,0.008658008658008658,0.01818181818181818,0.9856505961208244,0.0,0.0,0.0,0.9997606084318674,0.0,0.0,4200,,,,,,,True
context_degradation,amputee_loso,7,clean,CD-margin tau=0.20,0.2,0.05,0.09090909090909091,0.008658008658008658,0.01818181818181818,0.9856505961208244,0.0,0.0,0.0,0.9997606084318674,0.0,0.0,4200,,,,,,,True
context_degradation,amputee_loso,7,clean,CD-margin tau=0.50,0.5,0.05,0.09090909090909091,0.008658008658008658,0.01818181818181818,0.9856505961208244,0.0,0.0,0.0,0.9997606084318674,0.0,0.0,4200,,,,,,,True
context_degradation,amputee_loso,7,clean,CD-margin tau=1.00,1.0,0.058333333333333334,0.10606060606060605,0.027543660024242266,0.04663536403093944,0.935966247448888,0.9999987033612391,0.9997606084318674,0.9997606084318674,0.9997606084318674,0.9997619047619047,0.9997619047619047,4200,,,,,,,True
prospective_threshold,amputee_loso,7,clean,ConfGate dev cdc<=0.02,,0.058333333333333334,0.10606060606060605,0.027543660024242266,0.04663536403093944,0.935966247448888,0.9999987033612391,0.9997606084318674,0.9997606084318674,0.9997606084318674,0.9997619047619047,0.9997619047619047,4200,0.7300991473238722,cdc,0.02,0.018704417791843963,0.9997606084318674,0.9797606084318674,True
prospective_threshold,amputee_loso,7,clean,ConfGate dev cdc<=0.05,,0.058333333333333334,0.10606060606060605,0.027543660024242266,0.04663536403093944,0.935966247448888,0.9999987033612391,0.9997606084318674,0.9997606084318674,0.9997606084318674,0.9997619047619047,0.9997619047619047,4200,0.4022561218941938,cdc,0.05,0.049857439965478735,0.9997606084318674,0.9497606084318674,True
prospective_threshold,amputee_loso,7,clean,ConfGate dev intervention<=0.10,,0.058333333333333334,0.10606060606060605,0.027543660024242266,0.04663536403093944,0.935966247448888,0.9999987033612391,0.9997606084318674,0.9997606084318674,0.9997606084318674,0.9997619047619047,0.9997619047619047,4200,0.8503696882881212,intervention,0.1,0.08611111111111111,0.9997619047619047,0.8997619047619048,True
prospective_threshold,amputee_loso,7,clean,ConfGate dev intervention<=0.25,,0.058333333333333334,0.10606060606060605,0.027543660024242266,0.04663536403093944,0.935966247448888,0.9999987033612391,0.9997606084318674,0.9997606084318674,0.9997606084318674,0.9997619047619047,0.9997619047619047,4200,0.7300991473238722,intervention,0.25,0.24349206349206348,0.9997619047619047,0.7497619047619047,True
context_degradation,amputee_loso,8,clean,CD-margin tau=0.00,0.0,0.3880952380952381,0.18121212121212119,0.14367284657271784,0.1003648852220801,0.5301610316562348,0.0,0.0,0.0,0.018487734936670587,0.0,0.0,4200,,,,,,,True
context_degradation,amputee_loso,8,clean,CD-margin tau=0.01,0.01,0.4580952380952381,0.28627705627705624,0.24711938464000086,0.21795192121968254,0.43105835366870693,0.005334785600914312,0.0006731991353534728,0.0006731991353534728,0.018487734936670587,0.1261904761904762,0.1261904761904762,4200,,,,,,,True
context_degradation,amputee_loso,8,clean,CD-margin tau=0.02,0.02,0.5276190476190477,0.43567099567099565,0.39391287337827197,0.3942278300882,0.370408578462214,0.010984794964839263,0.0032431299420001636,0.0032431299420001636,0.018487734936670587,0.29523809523809524,0.29523809523809524,4200,,,,,,,True
context_degradation,amputee_loso,8,clean,CD-margin tau=0.05,0.05,0.6342857142857142,0.7593506493506493,0.6369381295257646,0.730860964632738,0.2828976745733257,0.022433615278755058,0.014864940790660789,0.014864940790660789,0.018487734936670587,0.6626190476190477,0.6626190476190477,4200,,,,,,,True
context_degradation,amputee_loso,8,clean,CD-margin tau=0.10,0.1,0.6557142857142857,0.8119480519480521,0.6668554812674754,0.772831996868798,0.2638238042861259,0.025564625762188924,0.01843087781140668,0.01843087781140668,0.018487734936670587,0.7209523809523809,0.7209523809523809,4200,,,,,,,True
prospective_threshold,amputee_loso,8,clean,ConfGate dev cdc<=0.02,,0.64,0.7124675324675326,0.6096099807889859,0.6770342704792544,0.2328909462777928,0.025878089026454037,0.012600164775975834,0.012600164775975834,0.018487734936670587,0.4869047619047619,0.4869047619047619,4200,0.5193013131691867,cdc,0.02,0.019356260029480474,0.012600164775975834,-0.007399835224024166,True
prospective_threshold,amputee_loso,8,clean,ConfGate dev cdc<=0.05,,0.655952380952381,0.811991341991342,0.6670312077479577,0.7729191181492816,0.26358284933523346,0.02562566700700739,0.018480986991482234,0.018480986991482234,0.018487734936670587,0.7211904761904762,0.7211904761904762,4200,0.3119357720272889,cdc,0.05,0.028860275622888277,0.018480986991482234,-0.03151901300851777,True
prospective_threshold,amputee_loso,8,clean,ConfGate dev intervention<=0.10,,0.47285714285714286,0.32441558441558443,0.30767135269578283,0.2851760939281725,0.35376919292898984,0.02331947255270967,0.0020598867421560206,0.0020598867421560206,0.018487734936670587,0.08833333333333333,0.08833333333333333,4200,0.8083155208477091,intervention,0.1,0.1,0.08833333333333333,-0.011666666666666672,True
prospective_threshold,amputee_loso,8,clean,ConfGate dev intervention<=0.25,,0.5780952380952381,0.5216017316017315,0.48323998419897585,0.4920790060802286,0.24474186460749792,0.024097772067479917,0.005714614518859523,0.005714614518859523,0.018487734936670587,0.23714285714285716,0.23714285714285716,4200,0.6945745459087371,intervention,0.25,0.2365873015873016,0.23714285714285716,-0.012857142857142845,True
context_degradation,amputee_loso,9,clean,CD-margin tau=0.00,0.0,0.15857142857142856,0.0864935064935065,0.06842247829520108,0.048858553449170256,0.9021535692403981,0.0,0.0,0.0,0.06085021909629951,0.0,0.0,4200,,,,,,,True
context_degradation,amputee_loso,9,clean,CD-margin tau=0.01,0.01,0.1838095238095238,0.18225108225108225,0.13508413647047368,0.1543346219969676,0.7558208156510297,0.0055253896828871595,0.0011945366266813192,0.0011945366266813192,0.06085021909629951,0.21619047619047618,0.21619047619047618,4200,,,,,,,True
context_degradation,amputee_loso,9,clean,CD-margin tau=0.02,0.02,0.22095238095238096,0.2786147186147186,0.20908246645422468,0.26124629930956794,0.6807529045409457,0.009330624409693926,0.0035278646577604654,0.0035278646577604654,0.06085021909629951,0.3780952380952381,0.3780952380952381,4200,,,,,,,True
context_degradation,amputee_loso,9,clean,CD-margin tau=0.05,0.05,0.2792857142857143,0.4158441558441558,0.3034386998906055,0.4137512026333129,0.5959273280996107,0.0177289634222568,0.010650041598655692,0.010650041598655692,0.06085021909629951,0.6007142857142858,0.6007142857142858,4200,,,,,,,True
context_degradation,amputee_loso,9,clean,CD-margin tau=0.10,0.1,0.3314285714285714,0.5098701298701299,0.3698112942460442,0.5114349053042876,0.5651399510519501,0.027170957497578,0.019731290563717356,0.019731290563717356,0.06085021909629951,0.7261904761904762,0.7261904761904762,4200,,,,,,,True
context_degradation,amputee_loso,9,clean,CD-margin tau=0.20,0.2,0.3719047619047619,0.5807359307359307,0.41982388791344644,0.5828294211981164,0.5553804359272223,0.04122948561358134,0.03409285798475429,0.03409285798475429,0.06085021909629951,0.8269047619047619,0.8269047619047619,4200,,,,,,,True
context_degradation,amputee_loso,9,clean,CD-margin tau=0.50,0.5,0.39261904761904765,0.6187878787878788,0.44583066295681933,0.6202622075786178,0.586009143610181,0.06455491671495052,0.05826849744437558,0.05826849744437558,0.06085021909629951,0.9026190476190477,0.9026190476190477,4200,,,,,,,True
context_degradation,amputee_loso,9,clean,CD-margin tau=1.00,1.0,0.39261904761904765,0.6187878787878788,0.4463469307434025,0.6210431705073517,0.5906567671214185,0.06706138026881604,0.06085021909629951,0.06085021909629951,0.06085021909629951,0.9073809523809524,0.9073809523809524,4200,,,,,,,True
prospective_threshold,amputee_loso,9,clean,ConfGate dev cdc<=0.02,,0.39261904761904765,0.6187878787878788,0.4463066382216516,0.6208740903745729,0.5906536069091645,0.06702539834408447,0.06076969449863659,0.06076969449863659,0.06085021909629951,0.9066666666666666,0.9066666666666666,4200,0.2713164968210182,cdc,0.02,0.012054594640331857,0.06076969449863659,0.040769694498636586,True
prospective_threshold,amputee_loso,9,clean,ConfGate dev cdc<=0.05,,0.39261904761904765,0.6187878787878788,0.4463066382216516,0.6208740903745729,0.5906536069091645,0.06702539834408447,0.06076969449863659,0.06076969449863659,0.06085021909629951,0.9066666666666666,0.9066666666666666,4200,0.2713164968210182,cdc,0.05,0.012054594640331857,0.06076969449863659,0.010769694498636587,True
prospective_threshold,amputee_loso,9,clean,ConfGate dev intervention<=0.10,,0.25857142857142856,0.28233766233766233,0.22884173308911498,0.25734127136017704,0.6957190457373427,0.12600924694098076,0.02991219504765662,0.02991219504765662,0.06085021909629951,0.2373809523809524,0.2373809523809524,4200,0.8529900689496379,intervention,0.1,0.09515873015873016,0.2373809523809524,0.13738095238095238,True
prospective_threshold,amputee_loso,9,clean,ConfGate dev intervention<=0.25,,0.2997619047619048,0.3798268398268398,0.2990654514480603,0.36295641129367895,0.6433419360696886,0.10093913938316128,0.03725134905807143,0.03725134905807143,0.06085021909629951,0.36904761904761907,0.36904761904761907,4200,0.7393849803413847,intervention,0.25,0.2326984126984127,0.36904761904761907,0.11904761904761907,True
context_degradation,amputee_loso,10,clean,CD-margin tau=0.00,0.0,0.23047619047619047,0.09177489177489177,0.09137047514910167,0.06717809761731991,0.720151982145633,0.0,0.0,0.0,0.007077795696181007,0.0,0.0,4200,,,,,,,True
context_degradation,amputee_loso,10,clean,CD-margin tau=0.01,0.01,0.4666666666666667,0.5169264069264069,0.46647121046566126,0.5528980556138161,0.41019704968068604,0.00526319436805732,0.002680469703160621,0.002680469703160621,0.007077795696181007,0.5092857142857142,0.5092857142857142,4200,,,,,,,True
context_degradation,amputee_loso,10,clean,CD-margin tau=0.02,0.02,0.5773809523809523,0.7022510822510822,0.592116029243813,0.7028399829317882,0.3462452404207528,0.008012741992258604,0.006129747624077831,0.006129747624077831,0.007077795696181007,0.765,0.765,4200,,,,,,,True
context_degradation,amputee_loso,10,clean,CD-margin tau=0.05,0.05,0.6007142857142858,0.7127272727272728,0.6067023087033894,0.7081512918328792,0.3350333507138238,0.008810534061636108,0.007077795696181007,0.007077795696181007,0.007077795696181007,0.8033333333333333,0.8033333333333333,4200,,,,,,,True
context_degradation,amputee_loso,10,clean,CD-margin tau=0.10,0.1,0.6007142857142858,0.7127272727272728,0.6067023087033894,0.7081512918328792,0.3350333507138238,0.008810534061636108,0.007077795696181007,0.007077795696181007,0.007077795696181007,0.8033333333333333,0.8033333333333333,4200,,,,,,,True
context_degradation,amputee_loso,10,clean,CD-margin tau=0.20,0.2,0.6007142857142858,0.7127272727272728,0.6067023087033894,0.7081512918328792,0.3350333507138238,0.008810534061636108,0.007077795696181007,0.007077795696181007,0.007077795696181007,0.8033333333333333,0.8033333333333333,4200,,,,,,,True
context_degradation,amputee_loso,10,clean,CD-margin tau=0.50,0.5,0.6007142857142858,0.7127272727272728,0.6067023087033894,0.7081512918328792,0.3350333507138238,0.008810534061636108,0.007077795696181007,0.007077795696181007,0.007077795696181007,0.8033333333333333,0.8033333333333333,4200,,,,,,,True
context_degradation,amputee_loso,10,clean,CD-margin tau=1.00,1.0,0.6007142857142858,0.7127272727272728,0.6067023087033894,0.7081512918328792,0.3350333507138238,0.008810534061636108,0.007077795696181007,0.007077795696181007,0.007077795696181007,0.8033333333333333,0.8033333333333333,4200,,,,,,,True
prospective_threshold,amputee_loso,10,clean,ConfGate dev cdc<=0.02,,0.23047619047619047,0.09177489177489177,0.09137047514910167,0.06717809761731991,0.720151982145633,0.0,0.0,0.0,0.007077795696181007,0.0,0.0,4200,inf,cdc,0.02,0.0,0.0,-0.02,True
prospective_threshold,amputee_loso,10,clean,ConfGate dev cdc<=0.05,,0.23047619047619047,0.09177489177489177,0.09137047514910167,0.06717809761731991,0.720151982145633,0.0,0.0,0.0,0.007077795696181007,0.0,0.0,4200,inf,cdc,0.05,0.0,0.0,-0.05,True
prospective_threshold,amputee_loso,10,clean,ConfGate dev intervention<=0.10,,0.23047619047619047,0.09177489177489177,0.09137047514910167,0.06717809761731991,0.720151982145633,0.0,0.0,0.0,0.007077795696181007,0.0,0.0,4200,inf,intervention,0.1,0.0,0.0,-0.1,True
prospective_threshold,amputee_loso,10,clean,ConfGate dev intervention<=0.25,,0.23047619047619047,0.09177489177489177,0.09137047514910167,0.06717809761731991,0.720151982145633,0.0,0.0,0.0,0.007077795696181007,0.0,0.0,4200,inf,intervention,0.25,0.0,0.0,-0.25,True
context_degradation,amputee_loso,11,clean,CD-margin tau=0.00,0.0,0.43214285714285716,0.16194805194805195,0.14577345393476424,0.08623772568249616,0.6580428301583833,0.0,0.0,0.0,0.007470124027317208,0.0,0.0,4200,,,,,,,True
context_degradation,amputee_loso,11,clean,CD-margin tau=0.01,0.01,0.4266666666666667,0.5283549783549785,0.42407310962063716,0.5325764314145066,0.50133041605914,0.005634351488123861,0.0033457315741383113,0.0033457315741383113,0.007470124027317208,0.5938095238095238,0.5938095238095238,4200,,,,,,,True
context_degradation,amputee_loso,11,clean,CD-margin tau=0.02,0.02,0.4666666666666667,0.6961471861471862,0.5116234653790467,0.6860367838798531,0.4261100592387832,0.007424185707927296,0.005810309148085006,0.005810309148085006,0.007470124027317208,0.7826190476190477,0.7826190476190477,4200,,,,,,,True
context_degradation,amputee_loso,11,clean,CD-margin tau=0.05,0.05,0.5045238095238095,0.7661471861471862,0.559375672563001,0.7511812956240678,0.38447506930097797,0.008641525501765451,0.007166293648249778,0.007166293648249778,0.007470124027317208,0.8292857142857143,0.8292857142857143,4200,,,,,,,True
context_degradation,amputee_loso,11,clean,CD-margin tau=0.10,0.1,0.5092857142857142,0.7748051948051948,0.565535995041449,0.759739401894565,0.37919213885214986,0.008953915786167886,0.007470124027317208,0.007470124027317208,0.007470124027317208,0.8342857142857143,0.8342857142857143,4200,,,,,,,True
context_degradation,amputee_loso,11,clean,CD-margin tau=0.20,0.2,0.5092857142857142,0.7748051948051948,0.565535995041449,0.759739401894565,0.37919213885214986,0.008953915786167886,0.007470124027317208,0.007470124027317208,0.007470124027317208,0.8342857142857143,0.8342857142857143,4200,,,,,,,True
context_degradation,amputee_loso,11,clean,CD-margin tau=0.50,0.5,0.5092857142857142,0.7748051948051948,0.565535995041449,0.759739401894565,0.37919213885214986,0.008953915786167886,0.007470124027317208,0.007470124027317208,0.007470124027317208,0.8342857142857143,0.8342857142857143,4200,,,,,,,True
context_degradation,amputee_loso,11,clean,CD-margin tau=1.00,1.0,0.5092857142857142,0.7748051948051948,0.565535995041449,0.759739401894565,0.37919213885214986,0.008953915786167886,0.007470124027317208,0.007470124027317208,0.007470124027317208,0.8342857142857143,0.8342857142857143,4200,,,,,,,True
prospective_threshold,amputee_loso,11,clean,ConfGate dev cdc<=0.02,,0.5223809523809524,0.34082251082251075,0.33635816387486284,0.3070675083000077,0.4090416216502254,0.013511611879213566,0.0015731376687941508,0.0015731376687941508,0.007470124027317208,0.11642857142857142,0.11642857142857142,4200,0.6562355182051369,cdc,0.02,0.019546769711706928,0.0015731376687941508,-0.01842686233120585,True
prospective_threshold,amputee_loso,11,clean,ConfGate dev cdc<=0.05,,0.5092857142857142,0.7748051948051948,0.565535995041449,0.759739401894565,0.37919213885214986,0.008953915786167886,0.007470124027317208,0.007470124027317208,0.007470124027317208,0.8342857142857143,0.8342857142857143,4200,0.21589315305255513,cdc,0.05,0.037189211995224895,0.007470124027317208,-0.0425298759726828,True
prospective_threshold,amputee_loso,11,clean,ConfGate dev intervention<=0.10,,0.4542857142857143,0.20298701298701297,0.19499760653629294,0.1413386033882205,0.5676720334009722,0.020404888864224046,0.000490688994115864,0.000490688994115864,0.007470124027317208,0.024047619047619047,0.024047619047619047,4200,0.7774436382479725,intervention,0.1,0.0865079365079365,0.024047619047619047,-0.07595238095238097,True
prospective_threshold,amputee_loso,11,clean,ConfGate dev intervention<=0.25,,0.5435714285714286,0.39064935064935064,0.3775295226626028,0.35844531310055355,0.3764694396770535,0.012515674015313297,0.001948869239527356,0.001948869239527356,0.007470124027317208,0.15571428571428572,0.15571428571428572,4200,0.6271613668209488,intervention,0.25,0.24214285714285713,0.15571428571428572,-0.09428571428571428,True
context_degradation,amputee_loso,12,clean,CD-margin tau=0.00,0.0,0.508095238095238,0.14147186147186147,0.13588772642153674,0.06653726465146761,0.47157725575087406,0.0,0.0,0.0,0.007075940267197747,0.0,0.0,4200,,,,,,,True
context_degradation,amputee_loso,12,clean,CD-margin tau=0.01,0.01,0.45380952380952383,0.47874458874458875,0.42856081415318986,0.515487755103275,0.580911613299059,0.00596965935111717,0.0035491046189856123,0.0035491046189856123,0.007075940267197747,0.5945238095238096,0.5945238095238096,4200,,,,,,,True
context_degradation,amputee_loso,12,clean,CD-margin tau=0.02,0.02,0.37952380952380954,0.5914718614718614,0.45451113835844553,0.6484842031598546,0.6095953678892874,0.00805773259577496,0.006864420768495906,0.006864420768495906,0.007075940267197747,0.8519047619047619,0.8519047619047619,4200,,,,,,,True
context_degradation,amputee_loso,12,clean,CD-margin tau=0.05,0.05,0.38261904761904764,0.5998268398268398,0.46050391257307893,0.6583068793732857,0.6073360388936968,0.00822328420648327,0.007075940267197747,0.007075940267197747,0.007075940267197747,0.8604761904761905,0.8604761904761905,4200,,,,,,,True
context_degradation,amputee_loso,12,clean,CD-margin tau=0.10,0.1,0.38261904761904764,0.5998268398268398,0.46050391257307893,0.6583068793732857,0.6073360388936968,0.00822328420648327,0.007075940267197747,0.007075940267197747,0.007075940267197747,0.8604761904761905,0.8604761904761905,4200,,,,,,,True
context_degradation,amputee_loso,12,clean,CD-margin tau=0.20,0.2,0.38261904761904764,0.5998268398268398,0.46050391257307893,0.6583068793732857,0.6073360388936968,0.00822328420648327,0.007075940267197747,0.007075940267197747,0.007075940267197747,0.8604761904761905,0.8604761904761905,4200,,,,,,,True
context_degradation,amputee_loso,12,clean,CD-margin tau=0.50,0.5,0.38261904761904764,0.5998268398268398,0.46050391257307893,0.6583068793732857,0.6073360388936968,0.00822328420648327,0.007075940267197747,0.007075940267197747,0.007075940267197747,0.8604761904761905,0.8604761904761905,4200,,,,,,,True
context_degradation,amputee_loso,12,clean,CD-margin tau=1.00,1.0,0.38261904761904764,0.5998268398268398,0.46050391257307893,0.6583068793732857,0.6073360388936968,0.00822328420648327,0.007075940267197747,0.007075940267197747,0.007075940267197747,0.8604761904761905,0.8604761904761905,4200,,,,,,,True
prospective_threshold,amputee_loso,12,clean,ConfGate dev cdc<=0.02,,0.508095238095238,0.14147186147186147,0.13588772642153674,0.06653726465146761,0.47157725575087406,0.0,0.0,0.0,0.007075940267197747,0.0,0.0,4200,inf,cdc,0.02,0.0,0.0,-0.02,True
prospective_threshold,amputee_loso,12,clean,ConfGate dev cdc<=0.05,,0.38285714285714284,0.5987012987012986,0.4599999166066416,0.6569476657035842,0.6072775807371185,0.008224346420425155,0.0070611888552507395,0.0070611888552507395,0.007075940267197747,0.8585714285714285,0.8585714285714285,4200,0.1669136110161282,cdc,0.05,0.04309597061392691,0.0070611888552507395,-0.04293881114474926,True
prospective_threshold,amputee_loso,12,clean,ConfGate dev intervention<=0.10,,0.508095238095238,0.14147186147186147,0.13588772642153674,0.06653726465146761,0.47157725575087406,0.0,0.0,0.0,0.007075940267197747,0.0,0.0,4200,inf,intervention,0.1,0.0,0.0,-0.1,True
prospective_threshold,amputee_loso,12,clean,ConfGate dev intervention<=0.25,,0.5135714285714286,0.15181818181818182,0.15013714432840752,0.08125111436180249,0.44790232416844566,0.006415344187439889,4.276896124959927e-05,4.276896124959927e-05,0.007075940267197747,0.006666666666666667,0.006666666666666667,4200,0.35875766965249195,intervention,0.25,0.2338095238095238,0.006666666666666667,-0.24333333333333335,True
context_degradation,amputee_loso,13,clean,CD-margin tau=0.00,0.0,0.3485714285714286,0.16,0.11857167314710083,0.07636478409438541,0.6195021423233558,0.0,0.0,0.0,0.0258838260456508,0.0,0.0,4200,,,,,,,True
context_degradation,amputee_loso,13,clean,CD-margin tau=0.01,0.01,0.38976190476190475,0.21696969696969692,0.17698266415681757,0.14485031733646367,0.5295018991938734,0.005274433527935089,0.00040311741963503905,0.00040311741963503905,0.0258838260456508,0.07642857142857143,0.07642857142857143,4200,,,,,,,True
context_degradation,amputee_loso,13,clean,CD-margin tau=0.02,0.02,0.4530952380952381,0.31809523809523804,0.27960830346769733,0.2667227882698224,0.4518743370494735,0.01156090250432554,0.002317685692533835,0.002317685692533835,0.0258838260456508,0.20047619047619047,0.20047619047619047,4200,,,,,,,True
context_degradation,amputee_loso,13,clean,CD-margin tau=0.05,0.05,0.57,0.587922077922078,0.50345702534449,0.5497653586486897,0.3623788895498892,0.02551412616241381,0.01423931231540428,0.01423931231540428,0.0258838260456508,0.5580952380952381,0.5580952380952381,4200,,,,,,,True
context_degradation,amputee_loso,13,clean,CD-margin tau=0.10,0.1,0.6157142857142858,0.6877922077922078,0.581075206596012,0.647226260478175,0.3343151968183078,0.032252469972855496,0.02167058815795196,0.02167058815795196,0.0258838260456508,0.6719047619047619,0.6719047619047619,4200,,,,,,,True
context_degradation,amputee_loso,13,clean,CD-margin tau=0.20,0.2,0.6297619047619047,0.7168398268398269,0.600097820861304,0.6716378463711945,0.3250909077221239,0.035432535769189075,0.02463404867762669,0.02463404867762669,0.0258838260456508,0.6952380952380952,0.6952380952380952,4200,,,,,,,True
context_degradation,amputee_loso,13,clean,CD-margin tau=0.50,0.5,0.6328571428571429,0.7232467532467534,0.6042347898437851,0.6769547068145113,0.3212218471402519,0.03680929920514221,0.02574021708702445,0.02574021708702445,0.0258838260456508,0.6992857142857143,0.6992857142857143,4200,,,,,,,True
context_degradation,amputee_loso,13,clean,CD-margin tau=1.00,1.0,0.633095238095238,0.7236796536796537,0.6045149774954058,0.6772915140814058,0.32082530309872337,0.03700206582427957,0.0258838260456508,0.0258838260456508,0.0258838260456508,0.6995238095238095,0.6995238095238095,4200,,,,,,,True
prospective_threshold,amputee_loso,13,clean,ConfGate dev cdc<=0.02,,0.6226190476190476,0.6882683982683983,0.5774564927819497,0.642083537195945,0.3047273296937286,0.03775357360052915,0.021582459574969164,0.021582459574969164,0.0258838260456508,0.5716666666666667,0.5716666666666667,4200,0.4601566983354602,cdc,0.02,0.019936106298108665,0.021582459574969164,0.001582459574969164,True
prospective_threshold,amputee_loso,13,clean,ConfGate dev cdc<=0.05,,0.633095238095238,0.7236796536796537,0.6045149774954058,0.6772915140814058,0.32082530309872337,0.03700206582427957,0.0258838260456508,0.0258838260456508,0.0258838260456508,0.6995238095238095,0.6995238095238095,4200,0.26292279212861114,cdc,0.05,0.025162946532916324,0.0258838260456508,-0.0241161739543492,True
prospective_threshold,amputee_loso,13,clean,ConfGate dev intervention<=0.10,,0.42595238095238097,0.30108225108225106,0.2916537120681825,0.2731081016181275,0.43058980570959965,0.054831089400218185,0.00513062336530613,0.00513062336530613,0.0258838260456508,0.09357142857142857,0.09357142857142857,4200,0.8098880874432858,intervention,0.1,0.08674603174603175,0.09357142857142857,-0.006428571428571436,True
prospective_threshold,amputee_loso,13,clean,ConfGate dev intervention<=0.25,,0.5119047619047619,0.46125541125541125,0.4370348000554733,0.44707375515564435,0.3302436002955477,0.04437862748289156,0.009689333667097991,0.009689333667097991,0.0258838260456508,0.21833333333333332,0.21833333333333332,4200,0.6705317250143102,intervention,0.25,0.2423015873015873,0.21833333333333332,-0.031666666666666676,True
context_degradation,amputee_loso,14,clean,CD-margin tau=0.00,0.0,0.05547619047619048,0.10086580086580087,0.03173734932289652,0.056465843688179626,0.9465411943608324,0.0,0.0,0.0,0.2622694108183356,0.0,0.0,4200,,,,,,,True
